backend	input	page	tolerant_content_match_percent	content_union_pixels
native	spacing100-enter90	1	100.0	0
native	spacing100-enter90	2	100.0	0
native	spacing130-enter90	1	100.0	0
native	spacing130-enter90	2	100.0	0
native	spacing160-enter60	1	100.0	0
native	spacing160-enter60	2	100.0	0
native	spacing160-enter90	1	100.0	0
native	spacing160-enter90	2	100.0	0
native	spacing160-enter90	3	100.0	0
native	spacing180-enter90	1	100.0	0
native	spacing180-enter90	2	100.0	0
native	spacing180-enter90	3	100.0	0
native	spacing200-enter33	1	100.0	0
native	spacing200-enter33	2	100.0	0
native	spacing200-enter90	1	100.0	0
native	spacing200-enter90	2	100.0	0
native	spacing200-enter90	3	100.0	0
native	spacing300-enter22	1	100.0	0
native	spacing300-enter22	2	100.0	0
native	spacing300-enter90	1	100.0	0
native	spacing300-enter90	2	100.0	0
native	spacing300-enter90	3	100.0	0
native	spacing300-enter90	4	100.0	0
native	spacing300-enter90	5	100.0	0
wasm	spacing100-enter90	1	100.0	0
wasm	spacing100-enter90	2	100.0	0
wasm	spacing130-enter90	1	100.0	0
wasm	spacing130-enter90	2	100.0	0
wasm	spacing160-enter60	1	100.0	0
wasm	spacing160-enter60	2	100.0	0
wasm	spacing160-enter90	1	100.0	0
wasm	spacing160-enter90	2	100.0	0
wasm	spacing160-enter90	3	100.0	0
wasm	spacing180-enter90	1	100.0	0
wasm	spacing180-enter90	2	100.0	0
wasm	spacing180-enter90	3	100.0	0
wasm	spacing200-enter33	1	100.0	0
wasm	spacing200-enter33	2	100.0	0
wasm	spacing200-enter90	1	100.0	0
wasm	spacing200-enter90	2	100.0	0
wasm	spacing200-enter90	3	100.0	0
wasm	spacing300-enter22	1	100.0	0
wasm	spacing300-enter22	2	100.0	0
wasm	spacing300-enter90	1	100.0	0
wasm	spacing300-enter90	2	100.0	0
wasm	spacing300-enter90	3	100.0	0
wasm	spacing300-enter90	4	100.0	0
wasm	spacing300-enter90	5	100.0	0
