page	diff%	note
1	not-run	text-only
2	not-run	text-only
3	not-run	text-only
4	not-run	text-only
5	not-run	text-only
6	not-run	text-only
7	not-run	text-only
8	not-run	text-only
9	not-run	text-only
10	not-run	text-only
11	not-run	text-only
12	not-run	text-only
13	not-run	text-only
14	not-run	text-only
15	not-run	text-only
16	not-run	text-only
17	not-run	text-only
18	not-run	text-only
19	not-run	text-only
20	not-run	text-only
21	not-run	text-only
22	not-run	text-only
23	not-run	text-only
24	not-run	text-only
25	not-run	text-only
26	not-run	text-only
27	not-run	text-only
28	not-run	text-only
29	not-run	text-only
30	not-run	text-only
31	not-run	text-only
32	not-run	text-only
33	not-run	text-only
34	not-run	text-only
35	not-run	text-only
36	not-run	text-only
37	not-run	text-only
38	not-run	text-only
39	not-run	text-only
40	not-run	text-only
41	not-run	text-only
42	not-run	text-only
43	not-run	text-only
44	not-run	text-only
45	not-run	text-only
46	not-run	text-only
47	not-run	text-only
48	not-run	text-only
