page	reference_only	svg_only	reference_only_chars	svg_only_chars	note
1	0	0			-
2	0	0			-
3	3	3	U+E0EA:\ue0ea×1,U+E0EB:\ue0eb×1,U+E0EF:\ue0ef×1	U+0066:f×1,U+0067:g×1,U+006B:k×1	-
4	0	0			-
5	0	0			-
6	0	0			-
7	0	0			-
8	0	0			-
9	0	0			-
10	0	0			-
11	0	0			-
12	0	0			-
13	0	0			-
14	0	0			-
15	0	0			-
16	0	0			-
17	0	0			-
18	0	60		U+0028:(×1,U+0029:)×1,U+002E:.×3,U+0030:0×7,U+0032:2×2,U+0033:3×1,U+0035:5×5,U+0045:E×1,U+004C:L×1,U+0053:S×1,U+0056:V×4,U+005B:[×1,U+005D:]×1,U+2264:\u2264×1,U+2265:\u2265×2,U+33C1:\u33c1×2,U+ACF5:\uacf5×1,U+AE30:\uae30×1,U+B85C:\ub85c×1,U+B958:\ub958×1,U+BE44:\ube44×1,U+C124:\uc124×1,U+C2DC:\uc2dc×1,U+C555:\uc555×2,U+C5F0:\uc5f0×2,U+C758:\uc758×1,U+C800:\uc800×2,U+C804:\uc804×3,U+C808:\uc808×2,U+C9C1:\uc9c1×1,U+CE6D:\uce6d×1,U+D45C:\ud45c×1,U+D56D:\ud56d×2,U+D5D8:\ud5d8×1,U+D68C:\ud68c×1	-
19	51	108	U+0028:(×1,U+002E:.×2,U+0030:0×7,U+0032:2×1,U+0035:5×5,U+0045:E×1,U+004C:L×1,U+0053:S×1,U+0056:V×4,U+005B:[×1,U+005D:]×1,U+2264:\u2264×1,U+2265:\u2265×2,U+33C1:\u33c1×2,U+ACF5:\uacf5×1,U+B85C:\ub85c×1,U+B958:\ub958×1,U+BE44:\ube44×1,U+C124:\uc124×1,U+C555:\uc555×2,U+C5F0:\uc5f0×2,U+C800:\uc800×2,U+C804:\uc804×2,U+C808:\uc808×2,U+CE6D:\uce6d×1,U+D45C:\ud45c×1,U+D56D:\ud56d×2,U+D5D8:\ud5d8×1,U+D68C:\ud68c×1	U+0029:)×1,U+002C:,×2,U+AC00:\uac00×2,U+AC04:\uac04×1,U+AC10:\uac10×2,U+AC1C:\uac1c×1,U+AC83:\uac83×1,U+ACBD:\uacbd×1,U+AD6C:\uad6c×1,U+B108:\ub108×2,U+B294:\ub294×4,U+B2E4:\ub2e4×2,U+B2E8:\ub2e8×3,U+B354:\ub354×1,U+B3C4:\ub3c4×1,U+B3C5:\ub3c5×1,U+B418:\ub418×1,U+B41C:\ub41c×1,U+B54C:\ub54c×1,U+B85D:\ub85d×1,U+B97C:\ub97c×1,U+B984:\ub984×2,U+B9BD:\ub9bd×1,U+B9C8:\ub9c8×1,U+BC29:\ubc29×2,U+C0C1:\uc0c1×2,U+C18C:\uc18c×2,U+C2DC:\uc2dc×1,U+C54A:\uc54a×2,U+C57C:\uc57c×1,U+C5B4:\uc5b4×1,U+C5D0:\uc5d0×4,U+C5EC:\uc5ec×1,U+C6B0:\uc6b0×1,U+C6C0:\uc6c0×1,U+C6D0:\uc6d0×1,U+C744:\uc744×4,U+C758:\uc758×1,U+C774:\uc774×4,U+C778:\uc778×2,U+C790:\uc790×2,U+C7A5:\uc7a5×3,U+C801:\uc801×1,U+C811:\uc811×1,U+C815:\uc815×5,U+C81C:\uc81c×1,U+C911:\uc911×1,U+C9C0:\uc9c0×9,U+CC28:\ucc28×3,U+CD09:\ucd09×1,U+CE58:\uce58×3,U+CE74:\uce74×2,U+D558:\ud558×4,U+D55C:\ud55c×1,U+D560:\ud560×1,U+D574:\ud574×2,U+D655:\ud655×1,U+D750:\ud750×2	-
20	78	37	U+002C:,×1,U+0033:3×1,U+AC00:\uac00×1,U+AC04:\uac04×1,U+AC10:\uac10×2,U+AC83:\uac83×1,U+ACBD:\uacbd×1,U+AD6C:\uad6c×1,U+B108:\ub108×2,U+B294:\ub294×2,U+B2E8:\ub2e8×3,U+B354:\ub354×1,U+B3C4:\ub3c4×1,U+B3C5:\ub3c5×1,U+B54C:\ub54c×1,U+B85D:\ub85d×1,U+B97C:\ub97c×1,U+B984:\ub984×2,U+B9BD:\ub9bd×1,U+B9C8:\ub9c8×1,U+BC29:\ubc29×1,U+C18C:\uc18c×2,U+C54A:\uc54a×2,U+C5D0:\uc5d0×4,U+C5EC:\uc5ec×1,U+C6B0:\uc6b0×1,U+C6C0:\uc6c0×1,U+C6D0:\uc6d0×1,U+C744:\uc744×4,U+C774:\uc774×3,U+C778:\uc778×2,U+C790:\uc790×1,U+C7A5:\uc7a5×1,U+C801:\uc801×1,U+C811:\uc811×1,U+C815:\uc815×4,U+C81C:\uc81c×1,U+C911:\uc911×1,U+C9C0:\uc9c0×6,U+C9C1:\uc9c1×1,U+CC28:\ucc28×2,U+CD09:\ucd09×1,U+CE58:\uce58×1,U+CE74:\uce74×1,U+D558:\ud558×3,U+D574:\ud574×2,U+D655:\ud655×1,U+D750:\ud750×2	U+002D:-×1,U+002E:.×4,U+0035:5×3,U+ACB0:\uacb0×1,U+ACE0:\uace0×2,U+AE30:\uae30×2,U+B2A5:\ub2a5×1,U+B3D9:\ub3d9×1,U+B77D:\ub77d×1,U+B824:\ub824×1,U+B85C:\ub85c×2,U+BD88:\ubd88×1,U+C548:\uc548×2,U+C5C6:\uc5c6×1,U+C5ED:\uc5ed×1,U+C694:\uc694×1,U+C740:\uc740×1,U+C7AC:\uc7ac×1,U+C804:\uc804×4,U+C989:\uc989×1,U+CDA9:\ucda9×1,U+D3EC:\ud3ec×1,U+D544:\ud544×1,U+D568:\ud568×1,U+D68C:\ud68c×1	-
21	29	118	U+0029:)×1,U+002D:-×1,U+0032:2×1,U+0035:5×1,U+ACB0:\uacb0×1,U+B2A5:\ub2a5×1,U+B41C:\ub41c×1,U+B824:\ub824×1,U+BD88:\ubd88×1,U+C0C1:\uc0c1×1,U+C2DC:\uc2dc×1,U+C5C6:\uc5c6×1,U+C5ED:\uc5ed×1,U+C694:\uc694×1,U+C790:\uc790×1,U+C7A5:\uc7a5×1,U+C804:\uc804×1,U+C815:\uc815×1,U+C989:\uc989×1,U+C9C0:\uc9c0×3,U+CDA9:\ucda9×1,U+CE58:\uce58×1,U+CE74:\uce74×1,U+D3EC:\ud3ec×1,U+D544:\ud544×1,U+D560:\ud560×1,U+D568:\ud568×1	U+0028:(×1,U+002E:.×1,U+0034:4×1,U+0036:6×1,U+AC83:\uac83×1,U+ACBD:\uacbd×1,U+ACC4:\uacc4×1,U+ACFC:\uacfc×1,U+B294:\ub294×3,U+B2E4:\ub2e4×1,U+B2E8:\ub2e8×3,U+B3C4:\ub3c4×2,U+B3D9:\ub3d9×3,U+B418:\ub418×3,U+B4E0:\ub4e0×2,U+B4E4:\ub4e4×1,U+B7EC:\ub7ec×1,U+B825:\ub825×2,U+B85C:\ub85c×4,U+B904:\ub904×1,U+B97C:\ub97c×1,U+B9AC:\ub9ac×2,U+B9C1:\ub9c1×1,U+BA74:\uba74×1,U+BAA8:\ubaa8×2,U+BC0F:\ubc0f×1,U+BD80:\ubd80×2,U+BD84:\ubd84×2,U+BE44:\ube44×1,U+C0AC:\uc0ac×1,U+C11C:\uc11c×1,U+C124:\uc124×1,U+C131:\uc131×1,U+C18C:\uc18c×1,U+C2A4:\uc2a4×2,U+C2E4:\uc2e4×2,U+C561:\uc561×1,U+C57C:\uc57c×2,U+C5B4:\uc5b4×2,U+C5D0:\uc5d0×5,U+C608:\uc608×1,U+C6A9:\uc6a9×1,U+C6B0:\uc6b0×1,U+C704:\uc704×2,U+C735:\uc735×1,U+C73C:\uc73c×3,U+C744:\uc744×1,U+C758:\uc758×1,U+C774:\uc774×5,U+C778:\uc778×2,U+C791:\uc791×4,U+C810:\uc810×3,U+C811:\uc811×4,U+C838:\uc838×1,U+CC28:\ucc28×1,U+CC29:\ucc29×1,U+CD09:\ucd09×1,U+CD5C:\ucd5c×1,U+CD94:\ucd94×1,U+D0C4:\ud0c4×1,U+D0DC:\ud0dc×1,U+D130:\ud130×1,U+D488:\ud488×1,U+D504:\ud504×1,U+D558:\ud558×1,U+D55C:\ud55c×6,U+D574:\ud574×1,U+D5D8:\ud5d8×1,U+D655:\ud655×2,U+D788:\ud788×1	-
22	124	55	U+AC00:\uac00×1,U+AC1C:\uac1c×1,U+AC83:\uac83×1,U+ACBD:\uacbd×1,U+ACC4:\uacc4×1,U+ACE0:\uace0×2,U+AE30:\uae30×3,U+B294:\ub294×5,U+B2E4:\ub2e4×1,U+B2E8:\ub2e8×1,U+B3C4:\ub3c4×2,U+B3D9:\ub3d9×3,U+B418:\ub418×4,U+B4E0:\ub4e0×1,U+B4E4:\ub4e4×1,U+B77D:\ub77d×1,U+B7EC:\ub7ec×1,U+B825:\ub825×2,U+B85C:\ub85c×6,U+B904:\ub904×1,U+B97C:\ub97c×1,U+B9AC:\ub9ac×2,U+B9C1:\ub9c1×1,U+BA74:\uba74×1,U+BAA8:\ubaa8×1,U+BD80:\ubd80×2,U+BD84:\ubd84×2,U+BE44:\ube44×1,U+C0C1:\uc0c1×1,U+C11C:\uc11c×1,U+C124:\uc124×1,U+C131:\uc131×1,U+C18C:\uc18c×1,U+C2A4:\uc2a4×2,U+C2E4:\uc2e4×2,U+C548:\uc548×2,U+C561:\uc561×1,U+C57C:\uc57c×1,U+C5B4:\uc5b4×3,U+C5D0:\uc5d0×4,U+C608:\uc608×1,U+C6A9:\uc6a9×1,U+C6B0:\uc6b0×1,U+C704:\uc704×2,U+C735:\uc735×1,U+C73C:\uc73c×3,U+C758:\uc758×2,U+C774:\uc774×6,U+C778:\uc778×2,U+C791:\uc791×4,U+C7AC:\uc7ac×1,U+C804:\uc804×3,U+C810:\uc810×3,U+C811:\uc811×2,U+C838:\uc838×1,U+CC28:\ucc28×1,U+CC29:\ucc29×1,U+CD09:\ucd09×1,U+CD5C:\ucd5c×1,U+CD94:\ucd94×1,U+D0C4:\ud0c4×1,U+D0DC:\ud0dc×1,U+D130:\ud130×1,U+D488:\ud488×1,U+D504:\ud504×1,U+D558:\ud558×2,U+D55C:\ud55c×4,U+D574:\ud574×1,U+D655:\ud655×2,U+D68C:\ud68c×1,U+D788:\ud788×1	U+0028:(×1,U+0029:)×2,U+002D:-×1,U+002E:.×2,U+0030:0×2,U+0031:1×4,U+0032:2×2,U+0033:3×1,U+0034:4×2,U+0036:6×1,U+0037:7×1,U+0039:9×1,U+0043:C×2,U+0045:E×1,U+0049:I×1,U+004B:K×1,U+0053:S×1,U+ACB0:\uacb0×2,U+AD00:\uad00×1,U+AD6C:\uad6c×1,U+ADDC:\uaddc×1,U+ADF8:\uadf8×1,U+B41C:\ub41c×1,U+B530:\ub530×1,U+B77C:\ub77c×1,U+B828:\ub828×1,U+B9BC:\ub9bc×1,U+BC0F:\ubc0f×1,U+BC30:\ubc30×1,U+C120:\uc120×2,U+C2DC:\uc2dc×1,U+C2DD:\uc2dd×1,U+C5F0:\uc5f0×1,U+C790:\uc790×2,U+C815:\uc815×1,U+C870:\uc870×2,U+C9C0:\uc9c0×3,U+CC38:\ucc38×2,U+D45C:\ud45c×1	-
23	60	75	U+0028:(×2,U+0029:)×3,U+002D:-×1,U+0031:1×2,U+0032:2×2,U+0034:4×2,U+0036:6×2,U+0037:7×1,U+0039:9×1,U+0043:C×2,U+0045:E×1,U+0049:I×1,U+004B:K×1,U+0053:S×1,U+ACB0:\uacb0×2,U+AD00:\uad00×1,U+AD6C:\uad6c×1,U+ADDC:\uaddc×1,U+ADF8:\uadf8×1,U+B2E8:\ub2e8×2,U+B41C:\ub41c×1,U+B530:\ub530×1,U+B77C:\ub77c×1,U+B828:\ub828×1,U+B9BC:\ub9bc×1,U+BC0F:\ubc0f×2,U+BC29:\ubc29×1,U+BC30:\ubc30×1,U+C120:\uc120×2,U+C2DC:\uc2dc×2,U+C2DD:\uc2dd×1,U+C5F0:\uc5f0×1,U+C744:\uc744×1,U+C790:\uc790×2,U+C811:\uc811×2,U+C870:\uc870×1,U+C9C0:\uc9c0×3,U+CC28:\ucc28×1,U+CC38:\ucc38×2,U+CE58:\uce58×1,U+D45C:\ud45c×1,U+D5D8:\ud5d8×1	U+0035:5×2,U+AC00:\uac00×1,U+ACBD:\uacbd×1,U+ACC4:\uacc4×1,U+ACE0:\uace0×1,U+AD8C:\uad8c×1,U+AE30:\uae30×1,U+B0B4:\ub0b4×1,U+B294:\ub294×2,U+B2A5:\ub2a5×1,U+B3C4:\ub3c4×1,U+B3D9:\ub3d9×1,U+B418:\ub418×2,U+B4E0:\ub4e0×1,U+B54C:\ub54c×1,U+B824:\ub824×1,U+B85C:\ub85c×3,U+B958:\ub958×1,U+B97C:\ub97c×1,U+B9AC:\ub9ac×1,U+B9CC:\ub9cc×1,U+BAA8:\ubaa8×1,U+BD80:\ubd80×1,U+BE48:\ube48×1,U+C0AC:\uc0ac×2,U+C11C:\uc11c×1,U+C545:\uc545×1,U+C548:\uc548×3,U+C555:\uc555×1,U+C5B4:\uc5b4×3,U+C5C5:\uc5c5×1,U+C5D0:\uc5d0×1,U+C5EC:\uc5ec×1,U+C6A9:\uc6a9×3,U+C758:\uc758×3,U+C774:\uc774×2,U+C791:\uc791×2,U+C804:\uc804×4,U+C81C:\uc81c×1,U+CCB4:\uccb4×2,U+CD5C:\ucd5c×1,U+D2B8:\ud2b8×1,U+D488:\ud488×1,U+D504:\ud504×1,U+D558:\ud558×2,U+D560:\ud560×1,U+D5C8:\ud5c8×1,U+D615:\ud615×1,U+D655:\ud655×1,U+D68C:\ud68c×3,U+D720:\ud720×1,U+D788:\ud788×1	-
24	64	77	U+002E:.×4,U+0031:1×1,U+0033:3×1,U+0035:5×4,U+ACBD:\uacbd×1,U+ACFC:\uacfc×1,U+AD8C:\uad8c×1,U+B0B4:\ub0b4×1,U+B2A5:\ub2a5×1,U+B3D9:\ub3d9×2,U+B4E0:\ub4e0×2,U+B54C:\ub54c×1,U+B824:\ub824×1,U+B85C:\ub85c×3,U+B958:\ub958×1,U+B9AC:\ub9ac×1,U+BAA8:\ubaa8×2,U+BD80:\ubd80×1,U+BE48:\ube48×1,U+C0AC:\uc0ac×2,U+C545:\uc545×1,U+C548:\uc548×3,U+C5B4:\uc5b4×1,U+C5C5:\uc5c5×1,U+C5EC:\uc5ec×1,U+C6A9:\uc6a9×2,U+C774:\uc774×2,U+C791:\uc791×2,U+C804:\uc804×1,U+C815:\uc815×1,U+C81C:\uc81c×1,U+C870:\uc870×1,U+CCB4:\uccb4×2,U+CD5C:\ucd5c×1,U+D2B8:\ud2b8×1,U+D488:\ud488×1,U+D504:\ud504×1,U+D560:\ud560×1,U+D5C8:\ud5c8×1,U+D615:\ud615×1,U+D655:\ud655×1,U+D68C:\ud68c×3,U+D720:\ud720×1,U+D788:\ud788×1	U+0028:(×1,U+0029:)×1,U+002D:-×1,U+0032:2×2,U+0034:4×1,U+0036:6×2,U+0043:C×2,U+0045:E×2,U+0049:I×1,U+004B:K×1,U+004C:L×1,U+0050:P×1,U+0053:S×1,U+0056:V×1,U+AC15:\uac15×1,U+ACE0:\uace0×1,U+ACF5:\uacf5×1,U+AD6C:\uad6c×1,U+B294:\ub294×1,U+B2E4:\ub2e4×1,U+B2E8:\ub2e8×1,U+B300:\ub300×1,U+B3C4:\ub3c4×2,U+B418:\ub418×2,U+B530:\ub530×1,U+B77C:\ub77c×1,U+B808:\ub808×1,U+B85D:\ub85d×3,U+BA70:\uba70×1,U+BCF4:\ubcf4×4,U+BE44:\ube44×1,U+C11C:\uc11c×2,U+C124:\uc124×1,U+C218:\uc218×1,U+C2B9:\uc2b9×1,U+C2E4:\uc2e4×1,U+C54A:\uc54a×1,U+C57C:\uc57c×1,U+C591:\uc591×1,U+C5C6:\uc5c6×1,U+C5D0:\uc5d0×2,U+C6B4:\uc6b4×1,U+C744:\uc744×1,U+C77C:\uc77c×1,U+C800:\uc800×1,U+C810:\uc810×1,U+C811:\uc811×1,U+C911:\uc911×1,U+C9C0:\uc9c0×2,U+C9C8:\uc9c8×1,U+CC28:\ucc28×1,U+CD08:\ucd08×1,U+CDA9:\ucda9×2,U+CE74:\uce74×1,U+D1B5:\ud1b5×1,U+D558:\ud558×1,U+D55C:\ud55c×1,U+D589:\ud589×2,U+D638:\ud638×3	-
25	97	18	U+0028:(×1,U+0029:)×1,U+002C:,×1,U+002D:-×1,U+0030:0×2,U+0032:2×2,U+0036:6×2,U+0043:C×2,U+0045:E×2,U+0049:I×1,U+004B:K×1,U+004C:L×1,U+0050:P×1,U+0053:S×1,U+0056:V×1,U+AC00:\uac00×1,U+ACC4:\uacc4×1,U+ACE0:\uace0×2,U+ACF5:\uacf5×1,U+AD6C:\uad6c×1,U+AE30:\uae30×1,U+B294:\ub294×2,U+B2E4:\ub2e4×1,U+B2E8:\ub2e8×1,U+B300:\ub300×1,U+B3C4:\ub3c4×3,U+B418:\ub418×2,U+B530:\ub530×1,U+B77C:\ub77c×1,U+B808:\ub808×1,U+B85D:\ub85d×3,U+B97C:\ub97c×1,U+B9CC:\ub9cc×1,U+BA70:\uba70×1,U+BCF4:\ubcf4×4,U+BE44:\ube44×1,U+C0AC:\uc0ac×1,U+C11C:\uc11c×3,U+C218:\uc218×1,U+C2E4:\uc2e4×1,U+C54A:\uc54a×1,U+C555:\uc555×1,U+C57C:\uc57c×1,U+C591:\uc591×1,U+C5C6:\uc5c6×1,U+C5D0:\uc5d0×3,U+C6A9:\uc6a9×1,U+C740:\uc740×1,U+C744:\uc744×1,U+C758:\uc758×4,U+C77C:\uc77c×1,U+C800:\uc800×1,U+C804:\uc804×2,U+C810:\uc810×1,U+C811:\uc811×1,U+C911:\uc911×1,U+C9C0:\uc9c0×2,U+C9C8:\uc9c8×1,U+CC28:\ucc28×1,U+CD08:\ucd08×1,U+CDA9:\ucda9×2,U+D1B5:\ud1b5×1,U+D558:\ud558×3,U+D55C:\ud55c×2,U+D589:\ud589×2,U+D638:\ud638×3	U+002E:.×3,U+0031:1×2,U+0035:5×4,U+ACFC:\uacfc×1,U+B4E0:\ub4e0×1,U+BAA8:\ubaa8×1,U+C6B4:\uc6b4×1,U+C7A5:\uc7a5×2,U+CE58:\uce58×3	-
26	28	71	U+002E:.×4,U+0031:1×3,U+0034:4×2,U+0035:5×1,U+AC15:\uac15×1,U+ACFC:\uacfc×1,U+B2E4:\ub2e4×2,U+B418:\ub418×2,U+B4E0:\ub4e0×1,U+BAA8:\ubaa8×1,U+C124:\uc124×1,U+C2B9:\uc2b9×1,U+C57C:\uc57c×2,U+C5B4:\uc5b4×2,U+C5D0:\uc5d0×1,U+CE74:\uce74×1,U+D55C:\ud55c×2	U+002F:/×1,U+0030:0×3,U+0032:2×1,U+0033:3×1,U+0036:6×1,U+004E:N×2,U+005B:[×1,U+005D:]×1,U+223C:\u223c×1,U+339C:\u339c×2,U+AC00:\uac00×1,U+AD6C:\uad6c×1,U+ADF8:\uadf8×1,U+AE30:\uae30×1,U+AE38:\uae38×1,U+B0B4:\ub0b4×1,U+B300:\ub300×1,U+B3D9:\ub3d9×1,U+B808:\ub808×1,U+B825:\ub825×1,U+B8E8:\ub8e8×1,U+B97C:\ub97c×1,U+B9AC:\ub9ac×1,U+BC18:\ubc18×1,U+BC84:\ubc84×1,U+BCC4:\ubcc4×1,U+BD84:\ubd84×1,U+C0C1:\uc0c1×1,U+C0C9:\uc0c9×1,U+C18C:\uc18c×1,U+C2A4:\uc2a4×4,U+C2DD:\uc2dd×1,U+C640:\uc640×1,U+C6B4:\uc6b4×1,U+C704:\uc704×2,U+C758:\uc758×5,U+C774:\uc774×7,U+C790:\uc790×1,U+C791:\uc791×1,U+C804:\uc804×1,U+C870:\uc870×5,U+CD5C:\ucd5c×1,U+CE58:\uce58×1,U+D2F1:\ud2f1×4,U+D45C:\ud45c×1,U+D638:\ud638×1	-
27	66	67	U+002F:/×1,U+0030:0×3,U+0033:3×1,U+004E:N×2,U+005B:[×1,U+005D:]×1,U+223C:\u223c×1,U+339C:\u339c×2,U+AD6C:\uad6c×1,U+ADF8:\uadf8×1,U+AE38:\uae38×1,U+B0B4:\ub0b4×1,U+B300:\ub300×1,U+B3D9:\ub3d9×1,U+B825:\ub825×1,U+B8E8:\ub8e8×1,U+BC18:\ubc18×1,U+BC84:\ubc84×1,U+BCC4:\ubcc4×1,U+BD84:\ubd84×1,U+C0C1:\uc0c1×1,U+C0C9:\uc0c9×1,U+C18C:\uc18c×1,U+C2A4:\uc2a4×4,U+C2DD:\uc2dd×1,U+C640:\uc640×1,U+C6B4:\uc6b4×2,U+C704:\uc704×2,U+C758:\uc758×5,U+C774:\uc774×5,U+C790:\uc790×1,U+C791:\uc791×1,U+C7A5:\uc7a5×2,U+C804:\uc804×1,U+C870:\uc870×5,U+CD5C:\ucd5c×1,U+CE58:\uce58×3,U+D2F1:\ud2f1×4,U+D45C:\ud45c×1	U+002E:.×5,U+0031:1×2,U+0035:5×1,U+0037:7×1,U+AC00:\uac00×1,U+AC01:\uac01×2,U+ACBD:\uacbd×3,U+ACE0:\uace0×2,U+ACE1:\uace1×1,U+ACF5:\uacf5×1,U+ACFC:\uacfc×1,U+B294:\ub294×1,U+B2E4:\ub2e4×3,U+BC1C:\ubc1c×1,U+BCFC:\ubcfc×1,U+C0AC:\uc0ac×1,U+C0DD:\uc0dd×1,U+C120:\uc120×1,U+C13C:\uc13c×1,U+C218:\uc218×1,U+C2DC:\uc2dc×1,U+C2E0:\uc2e0×4,U+C57C:\uc57c×2,U+C5B4:\uc5b4×1,U+C5C6:\uc5c6×1,U+C5D0:\uc5d0×2,U+C6C0:\uc6c0×1,U+C744:\uc744×1,U+C77C:\uc77c×1,U+C801:\uc801×1,U+C81C:\uc81c×1,U+C9C1:\uc9c1×1,U+CCAD:\uccad×1,U+CCB4:\uccb4×2,U+CE74:\uce74×1,U+CF58:\ucf58×1,U+D2B8:\ud2b8×2,U+D504:\ud504×1,U+D55C:\ud55c×3,U+D574:\ud574×2,U+D589:\ud589×1,U+D615:\ud615×1,U+D638:\ud638×3,U+D720:\ud720×1	-
28	87	10	U+002E:.×8,U+0031:1×2,U+0032:2×1,U+0035:5×4,U+0036:6×1,U+0037:7×1,U+AC00:\uac00×1,U+AC01:\uac01×2,U+ACBD:\uacbd×3,U+ACE0:\uace0×2,U+ACE1:\uace1×1,U+ACF5:\uacf5×1,U+ACFC:\uacfc×1,U+AE30:\uae30×1,U+B294:\ub294×2,U+B2E4:\ub2e4×3,U+B808:\ub808×1,U+B97C:\ub97c×1,U+B9AC:\ub9ac×1,U+BC1C:\ubc1c×1,U+BCFC:\ubcfc×1,U+C0AC:\uc0ac×1,U+C0DD:\uc0dd×1,U+C120:\uc120×1,U+C13C:\uc13c×1,U+C218:\uc218×1,U+C2DC:\uc2dc×1,U+C2E0:\uc2e0×4,U+C57C:\uc57c×2,U+C5B4:\uc5b4×1,U+C5C6:\uc5c6×1,U+C5D0:\uc5d0×2,U+C6B4:\uc6b4×1,U+C6C0:\uc6c0×1,U+C744:\uc744×1,U+C774:\uc774×2,U+C77C:\uc77c×1,U+C7A5:\uc7a5×1,U+C801:\uc801×1,U+C804:\uc804×2,U+C81C:\uc81c×1,U+C9C1:\uc9c1×1,U+CCAD:\uccad×1,U+CCB4:\uccb4×2,U+CE58:\uce58×1,U+CF58:\ucf58×1,U+D2B8:\ud2b8×2,U+D504:\ud504×1,U+D55C:\ud55c×3,U+D574:\ud574×2,U+D589:\ud589×1,U+D615:\ud615×1,U+D638:\ud638×4,U+D720:\ud720×1	U+0029:)×2,U+B098:\ub098×1,U+C11D:\uc11d×2,U+C2DD:\uc2dd×2,U+C785:\uc785×1,U+C88C:\uc88c×1,U+CE74:\uce74×1	-
29	5	319	U+0029:)×1,U+C11D:\uc11d×1,U+C2DD:\uc2dd×2,U+C785:\uc785×1	U+002C:,×5,U+002E:.×11,U+0030:0×2,U+0032:2×2,U+0033:3×1,U+0035:5×1,U+0036:6×1,U+339C:\u339c×1,U+AC00:\uac00×4,U+AC10:\uac10×1,U+AC15:\uac15×2,U+AC78:\uac78×2,U+AC83:\uac83×1,U+AC8C:\uac8c×1,U+ACB0:\uacb0×1,U+ACC4:\uacc4×2,U+ACE0:\uace0×3,U+ACF5:\uacf5×2,U+AD6C:\uad6c×1,U+ADFC:\uadfc×1,U+B044:\ub044×1,U+B192:\ub192×1,U+B294:\ub294×10,U+B2A5:\ub2a5×1,U+B2E4:\ub2e4×8,U+B2E5:\ub2e5×1,U+B2E8:\ub2e8×4,U+B300:\ub300×6,U+B3C4:\ub3c4×1,U+B3D9:\ub3d9×2,U+B418:\ub418×5,U+B41C:\ub41c×3,U+B4F1:\ub4f1×4,U+B5A8:\ub5a8×1,U+B610:\ub610×3,U+B77D:\ub77d×4,U+B7AB:\ub7ab×1,U+B7EC:\ub7ec×1,U+B7FD:\ub7fd×1,U+B85C:\ub85c×7,U+B85D:\ub85d×1,U+B9AC:\ub9ac×1,U+B9C8:\ub9c8×1,U+BA74:\uba74×3,U+BB34:\ubb34×1,U+BB3C:\ubb3c×1,U+BBF8:\ubbf8×1,U+BC0F:\ubc0f×2,U+BC14:\ubc14×1,U+BC1B:\ubc1b×5,U+BC1C:\ubc1c×4,U+BC29:\ubc29×2,U+BCF4:\ubcf4×4,U+BD88:\ubd88×1,U+BE44:\ube44×1,U+C0C1:\uc0c1×3,U+C11C:\uc11c×1,U+C124:\uc124×2,U+C131:\uc131×1,U+C18C:\uc18c×1,U+C190:\uc190×1,U+C218:\uc218×4,U+C27D:\uc27d×1,U+C2B9:\uc2b9×1,U+C544:\uc544×1,U+C548:\uc548×1,U+C54A:\uc54a×4,U+C57C:\uc57c×7,U+C591:\uc591×1,U+C5B4:\uc5b4×9,U+C5D0:\uc5d0×8,U+C5EC:\uc5ec×1,U+C5F0:\uc5f0×1,U+C6A9:\uc6a9×1,U+C6B4:\uc6b4×2,U+C704:\uc704×5,U+C73C:\uc73c×4,U+C740:\uc740×4,U+C744:\uc744×2,U+C758:\uc758×9,U+C774:\uc774×13,U+C788:\uc788×5,U+C790:\uc790×3,U+C7A1:\uc7a1×1,U+C7A5:\uc7a5×5,U+C7AC:\uc7ac×1,U+C801:\uc801×1,U+C804:\uc804×1,U+C811:\uc811×2,U+C81C:\uc81c×4,U+C9C0:\uc9c0×7,U+C9C4:\uc9c4×2,U+CABD:\ucabd×1,U+CCD0:\uccd0×2,U+CD5C:\ucd5c×1,U+CD94:\ucd94×4,U+CE58:\uce58×8,U+CE68:\uce68×4,U+CE74:\uce74×4,U+D1B5:\ud1b5×1,U+D2B8:\ud2b8×1,U+D314:\ud314×2,U+D398:\ud398×1,U+D3BC:\ud3bc×2,U+D3FC:\ud3fc×1,U+D45C:\ud45c×2,U+D50C:\ud50c×1,U+D558:\ud558×5,U+D55C:\ud55c×9,U+D560:\ud560×1,U+D574:\ud574×3,U+D589:\ud589×2,U+D5A5:\ud5a5×1,U+D638:\ud638×4	-
30	147	157	U+002C:,×4,U+AC15:\uac15×1,U+AC78:\uac78×2,U+AC83:\uac83×1,U+AC8C:\uac8c×1,U+ACB0:\uacb0×1,U+ACF5:\uacf5×1,U+B044:\ub044×1,U+B098:\ub098×1,U+B192:\ub192×1,U+B294:\ub294×4,U+B2E4:\ub2e4×2,U+B2E5:\ub2e5×1,U+B300:\ub300×4,U+B4F1:\ub4f1×3,U+B5A8:\ub5a8×1,U+B610:\ub610×2,U+B77D:\ub77d×4,U+B7FD:\ub7fd×1,U+B85C:\ub85c×5,U+BB34:\ubb34×1,U+BBF8:\ubbf8×1,U+BC0F:\ubc0f×1,U+BC1B:\ubc1b×4,U+BC1C:\ubc1c×3,U+BCF4:\ubcf4×3,U+BD88:\ubd88×1,U+BE44:\ube44×1,U+C0C1:\uc0c1×2,U+C11D:\uc11d×1,U+C131:\uc131×1,U+C190:\uc190×1,U+C218:\uc218×4,U+C27D:\uc27d×1,U+C54A:\uc54a×2,U+C57C:\uc57c×2,U+C591:\uc591×1,U+C5B4:\uc5b4×5,U+C5F0:\uc5f0×1,U+C6A9:\uc6a9×1,U+C704:\uc704×3,U+C73C:\uc73c×3,U+C740:\uc740×3,U+C744:\uc744×1,U+C758:\uc758×2,U+C774:\uc774×7,U+C788:\uc788×4,U+C790:\uc790×2,U+C7A1:\uc7a1×1,U+C7AC:\uc7ac×1,U+C811:\uc811×2,U+C81C:\uc81c×3,U+C88C:\uc88c×1,U+C9C4:\uc9c4×1,U+CABD:\ucabd×1,U+CCD0:\uccd0×2,U+CD94:\ucd94×3,U+CE58:\uce58×3,U+CE68:\uce68×3,U+CE74:\uce74×3,U+D1B5:\ud1b5×1,U+D2B8:\ud2b8×1,U+D314:\ud314×2,U+D398:\ud398×1,U+D3BC:\ud3bc×2,U+D3FC:\ud3fc×1,U+D45C:\ud45c×2,U+D50C:\ud50c×1,U+D558:\ud558×2,U+D55C:\ud55c×3,U+D560:\ud560×1,U+D638:\ud638×3	U+0028:(×1,U+0029:)×2,U+002E:.×14,U+0031:1×2,U+0032:2×4,U+0033:3×2,U+0034:4×2,U+0035:5×11,U+0036:6×4,U+0038:8×1,U+0042:B×1,U+0049:I×1,U+004B:K×1,U+004F:O×1,U+0053:S×2,U+AC00:\uac00×2,U+AC10:\uac10×5,U+AC70:\uac70×1,U+ACAC:\uacac×1,U+ACBD:\uacbd×2,U+ACE0:\uace0×1,U+ACFC:\uacfc×3,U+AD00:\uad00×1,U+AD6C:\uad6c×2,U+AE08:\uae08×1,U+AE09:\uae09×1,U+AE30:\uae30×2,U+B05D:\ub05d×2,U+B07C:\ub07c×1,U+B0A0:\ub0a0×3,U+B2E8:\ub2e8×1,U+B3CC:\ub3cc×1,U+B3D9:\ub3d9×1,U+B41C:\ub41c×1,U+B458:\ub458×1,U+B465:\ub465×1,U+B4E0:\ub4e0×2,U+B530:\ub530×1,U+B808:\ub808×3,U+B974:\ub974×1,U+B978:\ub978×1,U+B97C:\ub97c×2,U+B9CC:\ub9cc×1,U+BA74:\uba74×1,U+BA85:\uba85×1,U+BAA8:\ubaa8×2,U+BB3C:\ubb3c×1,U+BC18:\ubc18×2,U+BC30:\ubc30×1,U+BD80:\ubd80×2,U+BD84:\ubd84×2,U+BE0C:\ube0c×1,U+C0AC:\uc0ac×3,U+C0C8:\uc0c8×2,U+C0DD:\uc0dd×1,U+C138:\uc138×1,U+C18D:\uc18d×1,U+C2DC:\uc2dc×2,U+C2FC:\uc2fc×1,U+C560:\uc560×2,U+C5D0:\uc5d0×1,U+C5ED:\uc5ed×2,U+C640:\uc640×3,U+C6B4:\uc6b4×1,U+C6D0:\uc6d0×1,U+C778:\uc778×2,U+C77C:\uc77c×2,U+C784:\uc784×1,U+C791:\uc791×2,U+C7A5:\uc7a5×1,U+C804:\uc804×4,U+C815:\uc815×2,U+C870:\uc870×1,U+C871:\uc871×1,U+C9C0:\uc9c0×2,U+C9C1:\uc9c1×1,U+CC28:\ucc28×1,U+CDA9:\ucda9×1,U+D06C:\ud06c×1,U+D2C8:\ud2c8×2,U+D5A5:\ud5a5×1,U+D5D8:\ud5d8×1,U+D615:\ud615×1,U+D788:\ud788×2	-
31	185	101	U+0028:(×1,U+0029:)×3,U+002E:.×8,U+0032:2×4,U+0034:4×2,U+0035:5×7,U+0036:6×1,U+0038:8×1,U+0042:B×1,U+0049:I×1,U+004B:K×1,U+004F:O×1,U+0053:S×2,U+AC00:\uac00×3,U+AC10:\uac10×6,U+AC70:\uac70×1,U+ACBD:\uacbd×2,U+ACC4:\uacc4×2,U+ACE0:\uace0×4,U+ACF5:\uacf5×1,U+ACFC:\uacfc×2,U+AD00:\uad00×1,U+AD6C:\uad6c×2,U+ADFC:\uadfc×1,U+AE09:\uae09×1,U+AE30:\uae30×1,U+B05D:\ub05d×2,U+B07C:\ub07c×1,U+B0A0:\ub0a0×3,U+B2E4:\ub2e4×1,U+B2E8:\ub2e8×5,U+B3CC:\ub3cc×1,U+B3D9:\ub3d9×2,U+B418:\ub418×3,U+B41C:\ub41c×4,U+B458:\ub458×1,U+B465:\ub465×1,U+B4E0:\ub4e0×2,U+B4F1:\ub4f1×1,U+B7EC:\ub7ec×1,U+B808:\ub808×3,U+B974:\ub974×1,U+B9AC:\ub9ac×1,U+B9C8:\ub9c8×1,U+B9CC:\ub9cc×1,U+BA74:\uba74×1,U+BA85:\uba85×1,U+BAA8:\ubaa8×2,U+BB3C:\ubb3c×2,U+BC18:\ubc18×2,U+BC1B:\ubc1b×1,U+BC1C:\ubc1c×1,U+BC29:\ubc29×1,U+BC30:\ubc30×1,U+BD80:\ubd80×2,U+BD84:\ubd84×2,U+BE0C:\ube0c×1,U+C0AC:\uc0ac×1,U+C0C1:\uc0c1×1,U+C0C8:\uc0c8×2,U+C0DD:\uc0dd×1,U+C138:\uc138×1,U+C18C:\uc18c×1,U+C18D:\uc18d×1,U+C2B9:\uc2b9×1,U+C2DC:\uc2dc×2,U+C2FC:\uc2fc×1,U+C544:\uc544×1,U+C560:\uc560×2,U+C57C:\uc57c×1,U+C5B4:\uc5b4×1,U+C5D0:\uc5d0×5,U+C5EC:\uc5ec×1,U+C5ED:\uc5ed×2,U+C640:\uc640×3,U+C6B4:\uc6b4×2,U+C740:\uc740×1,U+C758:\uc758×1,U+C774:\uc774×2,U+C778:\uc778×1,U+C77C:\uc77c×2,U+C784:\uc784×1,U+C791:\uc791×1,U+C7A5:\uc7a5×5,U+C804:\uc804×3,U+C815:\uc815×2,U+C81C:\uc81c×1,U+C870:\uc870×1,U+C871:\uc871×1,U+C9C0:\uc9c0×5,U+CC28:\ucc28×1,U+CD5C:\ucd5c×1,U+CDA9:\ucda9×1,U+CE58:\uce58×1,U+CE68:\uce68×1,U+CE74:\uce74×2,U+D06C:\ud06c×1,U+D2C8:\ud2c8×2,U+D558:\ud558×1,U+D589:\ud589×1,U+D5A5:\ud5a5×1,U+D5D8:\ud5d8×1,U+D788:\ud788×2	U+002C:,×2,U+0030:0×8,U+0031:1×3,U+0033:3×3,U+0039:9×1,U+004E:N×2,U+223C:\u223c×1,U+339C:\u339c×2,U+33A0:\u33a0×1,U+AC01:\uac01×1,U+B290:\ub290×1,U+B294:\ub294×2,U+B2E5:\ub2e5×1,U+B300:\ub300×4,U+B38C:\ub38c×1,U+B54C:\ub54c×1,U+B610:\ub610×2,U+B77D:\ub77d×4,U+B7AB:\ub7ab×1,U+B85C:\ub85c×1,U+B97C:\ub97c×2,U+BCC0:\ubcc0×2,U+BCF4:\ubcf4×5,U+C11C:\uc11c×2,U+C11D:\uc11d×1,U+C120:\uc120×1,U+C131:\uc131×1,U+C218:\uc218×3,U+C2DD:\uc2dd×1,U+C2EC:\uc2ec×1,U+C5C6:\uc5c6×1,U+C601:\uc601×1,U+C6A9:\uc6a9×1,U+C704:\uc704×1,U+C73C:\uc73c×2,U+C744:\uc744×1,U+C785:\uc785×1,U+C788:\uc788×1,U+C7A0:\uc7a0×1,U+C801:\uc801×1,U+C810:\uc810×1,U+C911:\uc911×1,U+C9C1:\uc9c1×1,U+CABD:\ucabd×1,U+CCD0:\uccd0×1,U+CD08:\ucd08×1,U+CD94:\ucd94×3,U+D0C4:\ud0c4×1,U+D3BC:\ud3bc×1,U+D3C9:\ud3c9×1,U+D3ED:\ud3ed×1,U+D3FC:\ud3fc×2,U+D50C:\ud50c×2,U+D55C:\ud55c×1,U+D560:\ud560×1,U+D615:\ud615×3,U+D638:\ud638×5,U+D798:\ud798×2	-
32	95	149	U+002E:.×4,U+0030:0×4,U+0032:2×1,U+0033:3×4,U+0036:6×1,U+0039:9×1,U+004E:N×1,U+223C:\u223c×1,U+ACAC:\uacac×1,U+AD6C:\uad6c×1,U+AE08:\uae08×1,U+B2A5:\ub2a5×1,U+B300:\ub300×6,U+B38C:\ub38c×1,U+B3C4:\ub3c4×1,U+B3D9:\ub3d9×1,U+B530:\ub530×1,U+B610:\ub610×2,U+B77D:\ub77d×4,U+B85D:\ub85d×1,U+B978:\ub978×1,U+B97C:\ub97c×2,U+BA74:\uba74×2,U+BC0F:\ubc0f×1,U+BCC0:\ubcc0×2,U+BCF4:\ubcf4×5,U+C0AC:\uc0ac×1,U+C11D:\uc11d×1,U+C120:\uc120×1,U+C124:\uc124×1,U+C131:\uc131×1,U+C2DD:\uc2dd×1,U+C2EC:\uc2ec×1,U+C54A:\uc54a×1,U+C5C6:\uc5c6×1,U+C601:\uc601×1,U+C704:\uc704×1,U+C790:\uc790×1,U+C791:\uc791×1,U+C7A0:\uc7a0×1,U+C801:\uc801×1,U+C804:\uc804×2,U+C911:\uc911×1,U+CD94:\ucd94×4,U+CE58:\uce58×2,U+CE74:\uce74×1,U+D0C4:\ud0c4×1,U+D3C9:\ud3c9×1,U+D3ED:\ud3ed×1,U+D55C:\ud55c×4,U+D574:\ud574×3,U+D615:\ud615×2,U+D638:\ud638×6,U+D798:\ud798×1	U+0029:)×2,U+002F:/×2,U+0034:4×3,U+0035:5×4,U+0037:7×2,U+339C:\u339c×3,U+AC00:\uac00×1,U+AC08:\uac08×1,U+AC15:\uac15×2,U+ACBD:\uacbd×2,U+ACFC:\uacfc×1,U+AE30:\uae30×1,U+AE4C:\uae4c×2,U+B098:\ub098×1,U+B192:\ub192×5,U+B294:\ub294×1,U+B2E4:\ub2e4×2,U+B2E8:\ub2e8×1,U+B3CC:\ub3cc×1,U+B41C:\ub41c×2,U+B4E0:\ub4e0×3,U+B4E4:\ub4e4×4,U+B54C:\ub54c×3,U+B798:\ub798×1,U+B7A8:\ub7a8×7,U+B7AB:\ub7ab×2,U+B824:\ub824×4,U+B85C:\ub85c×1,U+B9AC:\ub9ac×2,U+B9E8:\ub9e8×1,U+BA40:\uba40×1,U+BA70:\uba70×2,U+BAA8:\ubaa8×5,U+BD80:\ubd80×1,U+C0C1:\uc0c1×2,U+C11C:\uc11c×3,U+C218:\uc218×2,U+C2B9:\uc2b9×2,U+C2E4:\uc2e4×1,U+C544:\uc544×3,U+C55E:\uc55e×1,U+C5B4:\uc5b4×5,U+C5D0:\uc5d0×1,U+C5EC:\uc5ec×2,U+C62C:\uc62c×4,U+C6B0:\uc6b0×2,U+C6B8:\uc6b8×1,U+C720:\uc720×1,U+C74C:\uc74c×1,U+C758:\uc758×2,U+C774:\uc774×6,U+C778:\uc778×1,U+C7A5:\uc7a5×1,U+C9C0:\uc9c0×1,U+C9C1:\uc9c1×2,U+C9C4:\uc9c4×3,U+C9C8:\uc9c8×2,U+CC28:\ucc28×1,U+CD08:\ucd08×1,U+CD9C:\ucd9c×1,U+D06C:\ud06c×1,U+D0DC:\ud0dc×1,U+D3FC:\ud3fc×2,U+D504:\ud504×7,U+D50C:\ud50c×2,U+D558:\ud558×5,U+D5C8:\ud5c8×1,U+D655:\ud655×1,U+D788:\ud788×1	-
33	137	117	U+002F:/×2,U+0030:0×6,U+0031:1×5,U+0033:3×1,U+0034:4×2,U+0035:5×7,U+0036:6×1,U+0037:7×1,U+004E:N×1,U+339C:\u339c×6,U+33A0:\u33a0×1,U+AC00:\uac00×1,U+AC01:\uac01×1,U+ACBD:\uacbd×2,U+ACFC:\uacfc×2,U+AE4C:\uae4c×1,U+B192:\ub192×5,U+B290:\ub290×1,U+B294:\ub294×1,U+B2E5:\ub2e5×1,U+B2E8:\ub2e8×1,U+B41C:\ub41c×2,U+B4E4:\ub4e4×4,U+B610:\ub610×1,U+B7A8:\ub7a8×3,U+B824:\ub824×2,U+B85C:\ub85c×1,U+B9AC:\ub9ac×1,U+B9E8:\ub9e8×1,U+BA70:\uba70×1,U+BA74:\uba74×1,U+BAA8:\ubaa8×2,U+BC14:\ubc14×1,U+BD80:\ubd80×1,U+C0AC:\uc0ac×1,U+C0C1:\uc0c1×1,U+C11C:\uc11c×4,U+C218:\uc218×4,U+C55E:\uc55e×1,U+C5B4:\uc5b4×3,U+C5D0:\uc5d0×2,U+C5EC:\uc5ec×2,U+C62C:\uc62c×2,U+C6A9:\uc6a9×1,U+C6B0:\uc6b0×2,U+C6B8:\uc6b8×1,U+C6D0:\uc6d0×1,U+C744:\uc744×1,U+C74C:\uc74c×1,U+C758:\uc758×7,U+C774:\uc774×5,U+C778:\uc778×2,U+C785:\uc785×1,U+C788:\uc788×1,U+C810:\uc810×1,U+C9C0:\uc9c0×1,U+C9C1:\uc9c1×4,U+C9C4:\uc9c4×1,U+CC28:\ucc28×1,U+CD08:\ucd08×2,U+CD9C:\ucd9c×1,U+D06C:\ud06c×1,U+D0DC:\ud0dc×1,U+D504:\ud504×2,U+D558:\ud558×4,U+D560:\ud560×1,U+D5C8:\ud5c8×1,U+D615:\ud615×2,U+D798:\ud798×1	U+0029:)×1,U+002C:,×4,U+0032:2×1,U+AC15:\uac15×1,U+AC8C:\uac8c×1,U+ACC4:\uacc4×1,U+ACE0:\uace0×2,U+ADF8:\uadf8×1,U+AE08:\uae08×1,U+B300:\ub300×7,U+B3C4:\ub3c4×2,U+B3D9:\ub3d9×2,U+B418:\ub418×2,U+B530:\ub530×1,U+B77C:\ub77c×1,U+B77D:\ub77d×6,U+B798:\ub798×1,U+B7AB:\ub7ab×1,U+B85D:\ub85d×1,U+B97C:\ub97c×1,U+BC29:\ubc29×1,U+BCF4:\ubcf4×6,U+C124:\uc124×1,U+C2A4:\uc2a4×1,U+C2B9:\uc2b9×1,U+C548:\uc548×1,U+C57C:\uc57c×2,U+C640:\uc640×2,U+C644:\uc644×1,U+C678:\uc678×1,U+C6B4:\uc6b4×1,U+C704:\uc704×1,U+C73C:\uc73c×1,U+C790:\uc790×1,U+C791:\uc791×1,U+C7A0:\uc7a0×2,U+C7A5:\uc7a5×1,U+C804:\uc804×4,U+C811:\uc811×2,U+C81C:\uc81c×1,U+C838:\uc838×2,U+C84C:\uc84c×1,U+C870:\uc870×1,U+C9C8:\uc9c8×1,U+C9D0:\uc9d0×1,U+CC38:\ucc38×1,U+CCD0:\uccd0×5,U+CD94:\ucd94×6,U+CE58:\uce58×4,U+D2B8:\ud2b8×1,U+D3BC:\ud3bc×5,U+D3FC:\ud3fc×1,U+D50C:\ud50c×1,U+D55C:\ud55c×4,U+D574:\ud574×1,U+D589:\ud589×1,U+D5A5:\ud5a5×1,U+D600:\ud600×2,U+D638:\ud638×7,U+D788:\ud788×1	-
34	167	137	U+002C:,×4,U+002E:.×6,U+0036:6×1,U+0037:7×1,U+AC08:\uac08×1,U+AC15:\uac15×4,U+AC8C:\uac8c×1,U+ACE0:\uace0×1,U+ADF8:\uadf8×1,U+AE08:\uae08×1,U+B300:\ub300×6,U+B3CC:\ub3cc×1,U+B418:\ub418×2,U+B4E0:\ub4e0×3,U+B530:\ub530×1,U+B54C:\ub54c×3,U+B77D:\ub77d×5,U+B798:\ub798×2,U+B7A8:\ub7a8×4,U+B7AB:\ub7ab×2,U+B824:\ub824×2,U+B85C:\ub85c×1,U+B97C:\ub97c×2,U+B9AC:\ub9ac×1,U+BA40:\uba40×1,U+BAA8:\ubaa8×3,U+BC29:\ubc29×2,U+BCF4:\ubcf4×6,U+C124:\uc124×2,U+C2A4:\uc2a4×1,U+C2B9:\uc2b9×3,U+C2E4:\uc2e4×1,U+C544:\uc544×2,U+C548:\uc548×1,U+C54A:\uc54a×1,U+C57C:\uc57c×4,U+C5B4:\uc5b4×4,U+C62C:\uc62c×2,U+C640:\uc640×2,U+C644:\uc644×1,U+C678:\uc678×1,U+C6B4:\uc6b4×2,U+C704:\uc704×1,U+C720:\uc720×1,U+C73C:\uc73c×2,U+C7A0:\uc7a0×2,U+C7A5:\uc7a5×1,U+C804:\uc804×2,U+C838:\uc838×1,U+C84C:\uc84c×1,U+C9C4:\uc9c4×3,U+C9C8:\uc9c8×3,U+C9D0:\uc9d0×1,U+CABD:\ucabd×1,U+CC38:\ucc38×1,U+CCD0:\uccd0×6,U+CD94:\ucd94×5,U+CE58:\uce58×6,U+D3BC:\ud3bc×6,U+D3FC:\ud3fc×2,U+D504:\ud504×5,U+D50C:\ud50c×2,U+D558:\ud558×2,U+D55C:\ud55c×3,U+D589:\ud589×2,U+D5A5:\ud5a5×2,U+D600:\ud600×2,U+D638:\ud638×6,U+D655:\ud655×1,U+D788:\ud788×2	U+0029:)×1,U+0030:0×14,U+0031:1×3,U+0034:4×2,U+0035:5×2,U+004E:N×1,U+00B1:\xb1×1,U+223C:\u223c×2,U+338F:\u338f×1,U+339C:\u339c×6,U+AC00:\uac00×3,U+ACBD:\uacbd×4,U+ACC4:\uacc4×1,U+ACF5:\uacf5×1,U+ACFC:\uacfc×2,U+AD6C:\uad6c×3,U+AE30:\uae30×2,U+AE4A:\uae4a×1,U+B098:\ub098×2,U+B0B4:\ub0b4×1,U+B192:\ub192×1,U+B2E5:\ub2e5×1,U+B2E8:\ub2e8×1,U+B3D9:\ub3d9×1,U+B41C:\ub41c×2,U+B610:\ub610×2,U+B78C:\ub78c×1,U+B7C9:\ub7c9×1,U+B825:\ub825×1,U+B978:\ub978×1,U+BA3C:\uba3c×1,U+BC14:\ubc14×1,U+BC1C:\ubc1c×1,U+C0AC:\uc0ac×1,U+C0DD:\uc0dd×1,U+C11C:\uc11c×2,U+C11D:\uc11d×1,U+C218:\uc218×2,U+C2DC:\uc2dc×3,U+C2DD:\uc2dd×1,U+C2EC:\uc2ec×1,U+C549:\uc549×1,U+C5EC:\uc5ec×1,U+C694:\uc694×2,U+C6A9:\uc6a9×2,U+C6B0:\uc6b0×2,U+C6C0:\uc6c0×1,U+C740:\uc740×2,U+C744:\uc744×4,U+C74C:\uc74c×1,U+C758:\uc758×5,U+C774:\uc774×3,U+C784:\uc784×1,U+C788:\uc788×2,U+C790:\uc790×2,U+C800:\uc800×1,U+C801:\uc801×1,U+C810:\uc810×2,U+C815:\uc815×1,U+C870:\uc870×1,U+C88C:\uc88c×1,U+C911:\uc911×2,U+C9C0:\uc9c0×1,U+C9C1:\uc9c1×1,U+C9D5:\uc9d5×1,U+CCA9:\ucca9×2,U+CCB4:\uccb4×1,U+CD08:\ucd08×1,U+CE21:\uce21×1,U+D0C0:\ud0c0×1,U+D1B5:\ud1b5×1,U+D2B9:\ud2b9×1,U+D3ED:\ud3ed×1,U+D45C:\ud45c×1,U+D544:\ud544×1,U+D560:\ud560×2,U+D574:\ud574×1,U+D720:\ud720×1,U+D798:\ud798×1	-
35	244	9	U+0029:)×4,U+002C:,×3,U+002E:.×5,U+0030:0×14,U+0031:1×3,U+0032:2×2,U+0034:4×3,U+0035:5×4,U+004E:N×1,U+00B1:\xb1×1,U+223C:\u223c×2,U+338F:\u338f×1,U+339C:\u339c×6,U+AC00:\uac00×7,U+ACBD:\uacbd×4,U+ACC4:\uacc4×2,U+ACE0:\uace0×1,U+ACF5:\uacf5×1,U+ACFC:\uacfc×2,U+AD6C:\uad6c×3,U+AE30:\uae30×3,U+AE4A:\uae4a×1,U+AE4C:\uae4c×1,U+B098:\ub098×3,U+B0B4:\ub0b4×1,U+B192:\ub192×1,U+B294:\ub294×8,U+B2E4:\ub2e4×7,U+B2E5:\ub2e5×1,U+B2E8:\ub2e8×1,U+B300:\ub300×1,U+B3C4:\ub3c4×2,U+B3D9:\ub3d9×3,U+B418:\ub418×2,U+B41C:\ub41c×2,U+B54C:\ub54c×1,U+B610:\ub610×2,U+B77C:\ub77c×1,U+B77D:\ub77d×1,U+B78C:\ub78c×1,U+B7AB:\ub7ab×3,U+B7C9:\ub7c9×1,U+B825:\ub825×1,U+B85C:\ub85c×2,U+B85D:\ub85d×1,U+B978:\ub978×1,U+B97C:\ub97c×1,U+BA3C:\uba3c×1,U+BA70:\uba70×1,U+BC14:\ubc14×1,U+BC1C:\ubc1c×1,U+BCF4:\ubcf4×1,U+C0AC:\uc0ac×1,U+C0C1:\uc0c1×1,U+C0DD:\uc0dd×1,U+C11C:\uc11c×4,U+C11D:\uc11d×1,U+C218:\uc218×3,U+C2DC:\uc2dc×2,U+C2DD:\uc2dd×1,U+C2EC:\uc2ec×1,U+C544:\uc544×1,U+C548:\uc548×1,U+C549:\uc549×1,U+C57C:\uc57c×2,U+C5B4:\uc5b4×1,U+C5D0:\uc5d0×3,U+C5EC:\uc5ec×1,U+C694:\uc694×2,U+C6A9:\uc6a9×2,U+C6B0:\uc6b0×2,U+C6C0:\uc6c0×1,U+C704:\uc704×2,U+C73C:\uc73c×2,U+C740:\uc740×2,U+C744:\uc744×5,U+C74C:\uc74c×1,U+C758:\uc758×5,U+C774:\uc774×8,U+C784:\uc784×1,U+C788:\uc788×3,U+C790:\uc790×3,U+C791:\uc791×1,U+C7A5:\uc7a5×1,U+C800:\uc800×1,U+C801:\uc801×2,U+C804:\uc804×2,U+C810:\uc810×2,U+C811:\uc811×2,U+C815:\uc815×1,U+C81C:\uc81c×1,U+C838:\uc838×1,U+C870:\uc870×2,U+C88C:\uc88c×1,U+C911:\uc911×1,U+C9C0:\uc9c0×4,U+C9C1:\uc9c1×1,U+C9D5:\uc9d5×1,U+CCA9:\ucca9×2,U+CCB4:\uccb4×1,U+CD08:\ucd08×1,U+CD94:\ucd94×1,U+CE21:\uce21×1,U+D0C0:\ud0c0×1,U+D1B5:\ud1b5×1,U+D2B8:\ud2b8×1,U+D2B9:\ud2b9×1,U+D3ED:\ud3ed×1,U+D3FC:\ud3fc×3,U+D50C:\ud50c×3,U+D544:\ud544×1,U+D55C:\ud55c×4,U+D560:\ud560×2,U+D574:\ud574×2,U+D638:\ud638×1,U+D720:\ud720×1,U+D798:\ud798×1	U+0036:6×1,U+005B:[×1,U+005D:]×1,U+ADF8:\uadf8×1,U+B2A5:\ub2a5×1,U+B9BC:\ub9bc×1,U+CE58:\uce58×1,U+D310:\ud310×1,U+D45C:\ud45c×1	-
36	4	106	U+B2A5:\ub2a5×1,U+C911:\uc911×1,U+D310:\ud310×1,U+D558:\ud558×1	U+002E:.×8,U+0031:1×1,U+0032:2×1,U+0034:4×1,U+0035:5×1,U+0036:6×4,U+0038:8×1,U+0039:9×1,U+AC19:\uac19×1,U+AC1C:\uac1c×1,U+ACC4:\uacc4×1,U+AD6C:\uad6c×1,U+AD8C:\uad8c×1,U+ADF8:\uadf8×1,U+B098:\ub098×1,U+B0B4:\ub0b4×2,U+B294:\ub294×3,U+B2E4:\ub2e4×2,U+B2E8:\ub2e8×1,U+B36E:\ub36e×1,U+B3C4:\ub3c4×1,U+B3D9:\ub3d9×3,U+B418:\ub418×1,U+B4E4:\ub4e4×1,U+B530:\ub530×1,U+B610:\ub610×2,U+B978:\ub978×1,U+B97C:\ub97c×1,U+B9BC:\ub9bc×1,U+BC18:\ubc18×1,U+BC29:\ubc29×2,U+BCC4:\ubcc4×1,U+BD80:\ubd80×1,U+BE44:\ube44×3,U+C0C1:\uc0c1×3,U+C138:\uc138×1,U+C218:\uc218×3,U+C560:\uc560×1,U+C57C:\uc57c×2,U+C5B4:\uc5b4×2,U+C5D0:\uc5d0×3,U+C640:\uc640×1,U+C694:\uc694×1,U+C6B4:\uc6b4×2,U+C704:\uc704×3,U+C744:\uc744×1,U+C758:\uc758×2,U+C774:\uc774×3,U+C790:\uc790×1,U+C791:\uc791×1,U+C804:\uc804×2,U+C81C:\uc81c×1,U+C870:\uc870×1,U+C8FC:\uc8fc×1,U+C9C0:\uc9c0×1,U+CC29:\ucc29×1,U+CD95:\ucd95×1,U+CD9C:\ucd9c×1,U+CE58:\uce58×1,U+CE68:\uce68×1,U+CE74:\uce74×1,U+D0C0:\ud0c0×1,U+D55C:\ud55c×3,U+D574:\ud574×1,U+D578:\ud578×1,U+D5A5:\ud5a5×2,U+D615:\ud615×1,U+D638:\ud638×1	-
37	52	205	U+0033:3×1,U+0036:6×5,U+AC19:\uac19×1,U+AC1C:\uac1c×1,U+AD8C:\uad8c×1,U+ADF8:\uadf8×2,U+B2E8:\ub2e8×1,U+B36E:\ub36e×1,U+B3D9:\ub3d9×3,U+B530:\ub530×1,U+B610:\ub610×2,U+B9BC:\ub9bc×2,U+BCC4:\ubcc4×1,U+BE44:\ube44×3,U+C0C1:\uc0c1×3,U+C138:\uc138×1,U+C218:\uc218×2,U+C560:\uc560×1,U+C57C:\uc57c×1,U+C5D0:\uc5d0×2,U+C6B4:\uc6b4×2,U+C704:\uc704×2,U+C774:\uc774×2,U+C790:\uc790×1,U+C791:\uc791×1,U+C7A5:\uc7a5×1,U+C8FC:\uc8fc×1,U+CC29:\ucc29×1,U+CD95:\ucd95×1,U+CD9C:\ucd9c×1,U+CE68:\uce68×1,U+CE74:\uce74×1,U+D578:\ud578×1,U+D5A5:\ud5a5×1	U+0028:(×1,U+0029:)×1,U+002E:.×12,U+0030:0×1,U+0031:1×9,U+0032:2×1,U+0035:5×10,U+0037:7×4,U+2162:\u2162×1,U+25CB:\u25cb×10,U+AC00:\uac00×1,U+AC74:\uac74×1,U+AC80:\uac80×3,U+ACA9:\uaca9×2,U+ACBD:\uacbd×1,U+ACC4:\uacc4×2,U+ACE0:\uace0×2,U+ACF5:\uacf5×1,U+AD00:\uad00×1,U+AD6C:\uad6c×3,U+AE30:\uae30×4,U+B0B4:\ub0b4×1,U+B2E4:\ub2e4×1,U+B370:\ub370×1,U+B3C4:\ub3c4×1,U+B41C:\ub41c×1,U+B4F1:\ub4f1×1,U+B85C:\ub85c×2,U+B9AC:\ub9ac×2,U+BAA9:\ubaa9×2,U+BB34:\ubb34×1,U+BC0F:\ubc0f×2,U+BC14:\ubc14×1,U+BC95:\ubc95×2,U+BCF4:\ubcf4×5,U+BD80:\ubd80×2,U+C0AC:\uc0ac×7,U+C11C:\uc11c×1,U+C124:\uc124×4,U+C131:\uc131×4,U+C18D:\uc18d×2,U+C2DC:\uc2dc×2,U+C2EC:\uc2ec×1,U+C548:\uc548×6,U+C54A:\uc54a×1,U+C5C5:\uc5c5×1,U+C601:\uc601×1,U+C62C:\uc62c×1,U+C678:\uc678×1,U+C694:\uc694×3,U+C6A9:\uc6a9×2,U+C720:\uc720×2,U+C721:\uc721×1,U+C73C:\uc73c×2,U+C740:\uc740×2,U+C744:\uc744×1,U+C758:\uc758×1,U+C778:\uc778×3,U+C77C:\uc77c×1,U+C785:\uc785×1,U+C788:\uc788×2,U+C804:\uc804×3,U+C810:\uc810×1,U+C815:\uc815×4,U+C870:\uc870×4,U+C900:\uc900×4,U+C911:\uc911×1,U+C99D:\uc99d×2,U+C9C0:\uc9c0×1,U+CC38:\ucc38×1,U+CCB4:\uccb4×1,U+CE58:\uce58×1,U+D130:\ud130×1,U+D2B8:\ud2b8×1,U+D3EC:\ud3ec×2,U+D45C:\ud45c×2,U+D488:\ud488×1,U+D504:\ud504×1,U+D544:\ud544×1,U+D558:\ud558×5,U+D55C:\ud55c×1,U+D568:\ud568×2,U+D56D:\ud56d×7,U+D5D8:\ud5d8×2,U+D638:\ud638×2,U+D654:\ud654×1,U+D655:\ud655×3,U+D720:\ud720×1	-
38	148	169	U+0031:1×4,U+0037:7×2,U+005B:[×1,U+005D:]×1,U+2162:\u2162×1,U+AC80:\uac80×3,U+ACA9:\uaca9×2,U+ACBD:\uacbd×1,U+ACC4:\uacc4×3,U+ACE0:\uace0×1,U+AD00:\uad00×1,U+B098:\ub098×1,U+B0B4:\ub0b4×3,U+B294:\ub294×3,U+B2E4:\ub2e4×3,U+B370:\ub370×1,U+B3C4:\ub3c4×1,U+B418:\ub418×1,U+B41C:\ub41c×1,U+B4E4:\ub4e4×1,U+B978:\ub978×1,U+B97C:\ub97c×1,U+B9AC:\ub9ac×1,U+BAA9:\ubaa9×2,U+BC14:\ubc14×1,U+BC95:\ubc95×2,U+BCF4:\ubcf4×2,U+BD80:\ubd80×3,U+C0AC:\uc0ac×6,U+C11C:\uc11c×1,U+C124:\uc124×3,U+C131:\uc131×4,U+C18D:\uc18d×2,U+C218:\uc218×1,U+C2DC:\uc2dc×2,U+C2EC:\uc2ec×1,U+C548:\uc548×4,U+C54A:\uc54a×1,U+C57C:\uc57c×1,U+C5B4:\uc5b4×2,U+C5C5:\uc5c5×1,U+C601:\uc601×1,U+C62C:\uc62c×1,U+C640:\uc640×1,U+C678:\uc678×1,U+C6A9:\uc6a9×2,U+C720:\uc720×1,U+C721:\uc721×1,U+C73C:\uc73c×2,U+C740:\uc740×2,U+C744:\uc744×1,U+C778:\uc778×1,U+C785:\uc785×1,U+C788:\uc788×2,U+C810:\uc810×1,U+C815:\uc815×2,U+C81C:\uc81c×1,U+C870:\uc870×5,U+C900:\uc900×4,U+C911:\uc911×1,U+C99D:\uc99d×2,U+CC38:\ucc38×1,U+CCB4:\uccb4×1,U+CE58:\uce58×2,U+D0C0:\ud0c0×1,U+D130:\ud130×1,U+D3EC:\ud3ec×2,U+D45C:\ud45c×4,U+D488:\ud488×1,U+D544:\ud544×1,U+D558:\ud558×5,U+D55C:\ud55c×2,U+D568:\ud568×2,U+D56D:\ud56d×6,U+D574:\ud574×1,U+D5A5:\ud5a5×1,U+D5D8:\ud5d8×2,U+D615:\ud615×1,U+D654:\ud654×1,U+D655:\ud655×2,U+D720:\ud720×1	U+002C:,×1,U+002D:-×2,U+002E:.×11,U+0032:2×1,U+0033:3×2,U+0034:4×3,U+0035:5×21,U+0038:8×1,U+0039:9×1,U+0043:C×1,U+0044:D×1,U+0052:R×1,U+0061:a×1,U+0063:c×1,U+0064:d×1,U+0065:e×4,U+0069:i×2,U+006C:l×1,U+006E:n×1,U+0072:r×2,U+0073:s×1,U+0074:t×1,U+0075:u×2,U+0076:v×1,U+25CB:\u25cb×24,U+AC00:\uac00×3,U+AC04:\uac04×1,U+AC70:\uac70×1,U+AC74:\uac74×3,U+ACAC:\uacac×1,U+AD6C:\uad6c×3,U+ADF9:\uadf9×1,U+AE09:\uae09×1,U+AE30:\uae30×6,U+B108:\ub108×1,U+B204:\ub204×1,U+B2E8:\ub2e8×1,U+B300:\ub300×1,U+B3D9:\ub3d9×8,U+B808:\ub808×1,U+B85C:\ub85c×1,U+B958:\ub958×1,U+B9C8:\ub9c8×1,U+BA74:\uba74×1,U+BC0F:\ubc0f×2,U+BC29:\ubc29×2,U+BC30:\ubc30×1,U+BCFC:\ubcfc×1,U+BE0C:\ube0c×1,U+BE44:\ube44×1,U+C0C1:\uc0c1×1,U+C120:\uc120×2,U+C2A4:\uc2a4×1,U+C2DD:\uc2dd×4,U+C5F0:\uc5f0×2,U+C6B4:\uc6b4×1,U+C758:\uc758×1,U+C7A5:\uc7a5×2,U+C804:\uc804×7,U+C811:\uc811×1,U+C9C0:\uc9c0×1,U+CC28:\ucc28×2,U+CC30:\ucc30×1,U+CD09:\ucd09×1,U+CD94:\ucd94×4,U+D06C:\ud06c×2,U+D0DC:\ud0dc×1,U+D68C:\ud68c×2	-
39	246	102	U+0028:(×1,U+0029:)×1,U+002C:,×1,U+002D:-×2,U+002E:.×25,U+0030:0×1,U+0031:1×5,U+0032:2×2,U+0033:3×1,U+0034:4×3,U+0035:5×32,U+0036:6×1,U+0037:7×2,U+0038:8×2,U+0039:9×2,U+0043:C×1,U+0044:D×1,U+0052:R×1,U+0061:a×1,U+0063:c×1,U+0064:d×1,U+0065:e×4,U+0069:i×2,U+006C:l×1,U+006E:n×1,U+0072:r×2,U+0073:s×1,U+0074:t×1,U+0075:u×2,U+0076:v×1,U+25CB:\u25cb×34,U+AC00:\uac00×4,U+AC04:\uac04×1,U+AC70:\uac70×1,U+AC74:\uac74×4,U+ACAC:\uacac×1,U+AD6C:\uad6c×2,U+ADF9:\uadf9×1,U+AE30:\uae30×8,U+B108:\ub108×1,U+B204:\ub204×1,U+B2E8:\ub2e8×1,U+B3D9:\ub3d9×8,U+B4F1:\ub4f1×1,U+B808:\ub808×1,U+B85C:\ub85c×2,U+B958:\ub958×1,U+B9AC:\ub9ac×1,U+B9C8:\ub9c8×1,U+BB34:\ubb34×1,U+BC0F:\ubc0f×4,U+BC18:\ubc18×1,U+BC29:\ubc29×3,U+BC30:\ubc30×1,U+BCF4:\ubcf4×3,U+BCFC:\ubcfc×1,U+BE0C:\ube0c×1,U+C0C1:\uc0c1×1,U+C120:\uc120×2,U+C2A4:\uc2a4×1,U+C2DD:\uc2dd×3,U+C5F0:\uc5f0×2,U+C6B4:\uc6b4×1,U+C704:\uc704×1,U+C720:\uc720×1,U+C758:\uc758×1,U+C778:\uc778×2,U+C77C:\uc77c×1,U+C7A5:\uc7a5×2,U+C804:\uc804×12,U+C811:\uc811×1,U+C815:\uc815×1,U+C9C0:\uc9c0×3,U+CC28:\ucc28×2,U+CC30:\ucc30×1,U+CD09:\ucd09×1,U+CD94:\ucd94×4,U+CE58:\uce58×1,U+D06C:\ud06c×2,U+D0DC:\ud0dc×1,U+D2B8:\ud2b8×1,U+D504:\ud504×1,U+D638:\ud638×3,U+D655:\ud655×1,U+D68C:\ud68c×2	U+AC80:\uac80×4,U+AC83:\uac83×3,U+ACC4:\uacc4×3,U+ACF5:\uacf5×1,U+ADF8:\uadf8×1,U+B294:\ub294×6,U+B2A5:\ub2a5×4,U+B2E4:\ub2e4×5,U+B3C4:\ub3c4×1,U+B418:\ub418×2,U+B41C:\ub41c×1,U+B4E4:\ub4e4×3,U+B97C:\ub97c×1,U+B9CC:\ub9cc×3,U+BA85:\uba85×1,U+BD80:\ubd80×2,U+C0AC:\uc0ac×4,U+C0B0:\uc0b0×1,U+C131:\uc131×1,U+C218:\uc218×1,U+C2DC:\uc2dc×3,U+C5D0:\uc5d0×2,U+C5EC:\uc5ec×1,U+C694:\uc694×1,U+C6A9:\uc6a9×1,U+C721:\uc721×2,U+C73C:\uc73c×1,U+C740:\uc740×4,U+C744:\uc744×5,U+C774:\uc774×2,U+C81C:\uc81c×1,U+C871:\uc871×3,U+C99D:\uc99d×4,U+C9D5:\uc9d5×1,U+CE21:\uce21×1,U+D2B9:\ud2b9×1,U+D488:\ud488×2,U+D544:\ud544×1,U+D558:\ud558×4,U+D55C:\ud55c×5,U+D560:\ud560×1,U+D56D:\ud56d×3,U+D574:\ud574×1,U+D589:\ud589×1,U+D5D8:\ud5d8×3	-
40	41	582	U+0034:4×1,U+AC80:\uac80×4,U+AC83:\uac83×1,U+ACF5:\uacf5×1,U+AD6C:\uad6c×5,U+ADF8:\uadf8×1,U+B2A5:\ub2a5×3,U+B9CC:\ub9cc×1,U+BC29:\ubc29×1,U+C0B0:\uc0b0×1,U+C2DD:\uc2dd×1,U+C694:\uc694×5,U+C721:\uc721×2,U+C740:\uc740×1,U+C744:\uc744×1,U+C871:\uc871×3,U+C99D:\uc99d×4,U+CE21:\uce21×1,U+D544:\ud544×1,U+D589:\ud589×1,U+D5D8:\ud5d8×2	U+0028:(×3,U+0029:)×3,U+002C:,×10,U+002D:-×8,U+002E:.×18,U+0030:0×3,U+0031:1×5,U+0035:5×10,U+0036:6×2,U+003A::×3,U+0042:B×1,U+0049:I×1,U+004B:K×1,U+004E:N×1,U+004F:O×2,U+0053:S×2,U+005B:[×1,U+005D:]×1,U+0062:b×1,U+0064:d×1,U+0067:g×2,U+0069:i×2,U+006E:n×1,U+0072:r×1,U+2013:\u2013×1,U+201C:\u201c×1,U+201D:\u201d×1,U+2160:\u2160×4,U+AC00:\uac00×7,U+AC12:\uac12×1,U+AC1C:\uac1c×2,U+AC70:\uac70×1,U+AC74:\uac74×1,U+ACA9:\uaca9×1,U+ACB0:\uacb0×5,U+ACBD:\uacbd×7,U+ACC4:\uacc4×1,U+ACE0:\uace0×15,U+ACFC:\uacfc×1,U+AD00:\uad00×3,U+AD8C:\uad8c×1,U+ADDC:\uaddc×1,U+AE09:\uae09×2,U+AE30:\uae30×8,U+AEBC:\uaebc×1,U+B098:\ub098×3,U+B0B4:\ub0b4×3,U+B294:\ub294×8,U+B2C8:\ub2c8×1,U+B2E4:\ub2e4×13,U+B2E8:\ub2e8×3,U+B300:\ub300×3,U+B3C4:\ub3c4×1,U+B3D9:\ub3d9×1,U+B418:\ub418×6,U+B41C:\ub41c×10,U+B420:\ub420×2,U+B4DC:\ub4dc×2,U+B4E4:\ub4e4×3,U+B4F1:\ub4f1×1,U+B530:\ub530×3,U+B54C:\ub54c×1,U+B610:\ub610×4,U+B77D:\ub77d×1,U+B798:\ub798×2,U+B7EC:\ub7ec×2,U+B808:\ub808×1,U+B824:\ub824×5,U+B825:\ub825×1,U+B828:\ub828×1,U+B85C:\ub85c×7,U+B85D:\ub85d×1,U+B86F:\ub86f×2,U+B974:\ub974×1,U+B978:\ub978×3,U+B97C:\ub97c×5,U+B9AC:\ub9ac×8,U+B9B4:\ub9b4×1,U+BA87:\uba87×2,U+BAA9:\ubaa9×1,U+BB38:\ubb38×1,U+BBF8:\ubbf8×2,U+BC0F:\ubc0f×3,U+BC1C:\ubc1c×1,U+BC30:\ubc30×5,U+BCC0:\ubcc0×1,U+BCF4:\ubcf4×3,U+BD80:\ubd80×9,U+BD84:\ubd84×4,U+BE0C:\ube0c×1,U+BE44:\ube44×2,U+C0AC:\uc0ac×2,U+C0C1:\uc0c1×5,U+C0DD:\uc0dd×1,U+C11C:\uc11c×10,U+C11D:\uc11d×2,U+C124:\uc124×3,U+C18C:\uc18c×2,U+C18D:\uc18d×2,U+C1C4:\uc1c4×2,U+C218:\uc218×2,U+C2B5:\uc2b5×1,U+C2DC:\uc2dc×4,U+C2E0:\uc2e0×1,U+C2E4:\uc2e4×2,U+C544:\uc544×3,U+C545:\uc545×1,U+C548:\uc548×4,U+C54A:\uc54a×1,U+C555:\uc555×2,U+C57C:\uc57c×7,U+C591:\uc591×2,U+C5B4:\uc5b4×8,U+C5B8:\uc5b8×2,U+C5C5:\uc5c5×1,U+C5C6:\uc5c6×2,U+C5D0:\uc5d0×19,U+C5EC:\uc5ec×2,U+C5ED:\uc5ed×1,U+C5F0:\uc5f0×1,U+C5F4:\uc5f4×1,U+C608:\uc608×1,U+C628:\uc628×1,U+C640:\uc640×1,U+C678:\uc678×2,U+C6A9:\uc6a9×4,U+C6B0:\uc6b0×3,U+C6D0:\uc6d0×1,U+C704:\uc704×4,U+C720:\uc720×1,U+C73C:\uc73c×2,U+C74C:\uc74c×2,U+C758:\uc758×16,U+C774:\uc774×7,U+C778:\uc778×9,U+C77C:\uc77c×1,U+C785:\uc785×1,U+C788:\uc788×3,U+C790:\uc790×4,U+C7A5:\uc7a5×13,U+C800:\uc800×2,U+C801:\uc801×7,U+C804:\uc804×12,U+C811:\uc811×3,U+C815:\uc815×1,U+C81C:\uc81c×9,U+C870:\uc870×2,U+C874:\uc874×1,U+C88B:\uc88b×1,U+C989:\uc989×1,U+C9C0:\uc9c0×3,U+C9C4:\uc9c4×1,U+C9D1:\uc9d1×1,U+C9D5:\uc9d5×1,U+CC28:\ucc28×2,U+CCB4:\uccb4×5,U+CD09:\ucd09×2,U+CD5C:\ucd5c×1,U+CD94:\ucd94×1,U+CE58:\uce58×5,U+CE68:\uce68×1,U+CE78:\uce78×2,U+D130:\ud130×1,U+D1B5:\ud1b5×4,U+D2B8:\ud2b8×2,U+D310:\ud310×3,U+D45C:\ud45c×5,U+D488:\ud488×2,U+D504:\ud504×2,U+D558:\ud558×3,U+D55C:\ud55c×8,U+D568:\ud568×3,U+D569:\ud569×1,U+D574:\ud574×7,U+D615:\ud615×3,U+D638:\ud638×1,U+D655:\ud655×1,U+D669:\ud669×1,U+D68C:\ud68c×4,U+D6C4:\ud6c4×1,U+D720:\ud720×2	-
41	0	13		U+AC00:\uac00×1,U+AC74:\uac74×1,U+ACE0:\uace0×2,U+B2A5:\ub2a5×1,U+BC30:\ubc30×1,U+BD80:\ubd80×1,U+BE44:\ube44×1,U+C7A5:\uc7a5×1,U+C81C:\uc81c×1,U+C870:\uc870×1,U+D488:\ud488×1,U+D55C:\ud55c×1	-
42	0	1958		U+0022:"×1,U+0028:(×27,U+0029:)×27,U+002C:,×25,U+002D:-×27,U+002E:.×66,U+0030:0×42,U+0031:1×25,U+0032:2×23,U+0033:3×25,U+0034:4×14,U+0035:5×23,U+0036:6×24,U+0037:7×3,U+0038:8×2,U+0039:9×4,U+003A::×3,U+0042:B×7,U+0043:C×21,U+0045:E×10,U+0049:I×11,U+004B:K×9,U+004E:N×20,U+004F:O×19,U+0050:P×8,U+0053:S×10,U+0056:V×3,U+0058:X×2,U+005B:[×1,U+005D:]×1,U+0061:a×13,U+0062:b×6,U+0064:d×2,U+0067:g×2,U+0069:i×2,U+006D:m×11,U+006E:n×2,U+006F:o×1,U+0072:r×5,U+0073:s×3,U+2013:\u2013×1,U+201C:\u201c×3,U+201D:\u201d×4,U+2160:\u2160×4,U+2162:\u2162×3,U+AC00:\uac00×21,U+AC04:\uac04×8,U+AC10:\uac10×3,U+AC12:\uac12×9,U+AC16:\uac16×2,U+AC19:\uac19×1,U+AC1C:\uac1c×2,U+AC70:\uac70×7,U+AC74:\uac74×5,U+AC83:\uac83×6,U+AC8C:\uac8c×3,U+ACA9:\uaca9×1,U+ACAC:\uacac×1,U+ACB0:\uacb0×6,U+ACB9:\uacb9×1,U+ACBD:\uacbd×19,U+ACC4:\uacc4×5,U+ACE0:\uace0×25,U+ACF3:\uacf3×2,U+ACF5:\uacf5×2,U+ACFC:\uacfc×5,U+AD00:\uad00×3,U+AD6C:\uad6c×2,U+AD8C:\uad8c×4,U+ADDC:\uaddc×2,U+ADF8:\uadf8×15,U+ADF9:\uadf9×4,U+AE09:\uae09×8,U+AE30:\uae30×19,U+AE4C:\uae4c×1,U+AEBC:\uaebc×1,U+AED8:\uaed8×2,U+B098:\ub098×4,U+B0B4:\ub0b4×3,U+B110:\ub110×1,U+B124:\ub124×1,U+B125:\ub125×3,U+B192:\ub192×2,U+B294:\ub294×43,U+B2A5:\ub2a5×5,U+B2C8:\ub2c8×2,U+B2CC:\ub2cc×1,U+B2E4:\ub2e4×45,U+B2E8:\ub2e8×13,U+B300:\ub300×13,U+B354:\ub354×1,U+B3C4:\ub3c4×4,U+B3D9:\ub3d9×3,U+B418:\ub418×12,U+B41C:\ub41c×16,U+B420:\ub420×13,U+B4DC:\ub4dc×3,U+B4E4:\ub4e4×9,U+B4F1:\ub4f1×7,U+B530:\ub530×10,U+B54C:\ub54c×1,U+B610:\ub610×14,U+B77C:\ub77c×4,U+B77D:\ub77d×11,U+B780:\ub780×2,U+B798:\ub798×4,U+B7EC:\ub7ec×3,U+B808:\ub808×4,U+B824:\ub824×5,U+B825:\ub825×1,U+B828:\ub828×1,U+B85C:\ub85c×16,U+B85D:\ub85d×2,U+B860:\ub860×1,U+B86F:\ub86f×2,U+B8CC:\ub8cc×7,U+B8E8:\ub8e8×1,U+B8F9:\ub8f9×2,U+B974:\ub974×6,U+B978:\ub978×5,U+B97C:\ub97c×6,U+B9AC:\ub9ac×15,U+B9B4:\ub9b4×4,U+B9BD:\ub9bd×1,U+B9CC:\ub9cc×7,U+BA74:\uba74×6,U+BA85:\uba85×1,U+BA87:\uba87×2,U+BAA9:\ubaa9×1,U+BB38:\ubb38×1,U+BBF8:\ubbf8×5,U+BC0F:\ubc0f×6,U+BC14:\ubc14×1,U+BC18:\ubc18×1,U+BC1C:\ubc1c×2,U+BC29:\ubc29×1,U+BC30:\ubc30×16,U+BC94:\ubc94×1,U+BC95:\ubc95×1,U+BCC0:\ubcc0×5,U+BCF4:\ubcf4×6,U+BD80:\ubd80×18,U+BD84:\ubd84×7,U+BE0C:\ube0c×2,U+BE44:\ube44×4,U+C0AC:\uc0ac×13,U+C0B4:\uc0b4×1,U+C0C1:\uc0c1×6,U+C0DD:\uc0dd×1,U+C11C:\uc11c×15,U+C11D:\uc11d×2,U+C120:\uc120×6,U+C124:\uc124×4,U+C131:\uc131×3,U+C18C:\uc18c×11,U+C18D:\uc18d×2,U+C190:\uc190×1,U+C1C4:\uc1c4×5,U+C218:\uc218×17,U+C220:\uc220×1,U+C2B5:\uc2b5×1,U+C2DC:\uc2dc×9,U+C2E0:\uc2e0×1,U+C2E4:\uc2e4×2,U+C544:\uc544×8,U+C545:\uc545×1,U+C548:\uc548×6,U+C54A:\uc54a×4,U+C555:\uc555×7,U+C57C:\uc57c×9,U+C587:\uc587×1,U+C591:\uc591×5,U+C5B4:\uc5b4×15,U+C5B8:\uc5b8×2,U+C5C5:\uc5c5×1,U+C5C6:\uc5c6×3,U+C5D0:\uc5d0×45,U+C5EC:\uc5ec×3,U+C5ED:\uc5ed×1,U+C5F0:\uc5f0×10,U+C5F4:\uc5f4×2,U+C5FC:\uc5fc×2,U+C608:\uc608×1,U+C624:\uc624×2,U+C628:\uc628×2,U+C62C:\uc62c×1,U+C640:\uc640×1,U+C678:\uc678×2,U+C694:\uc694×1,U+C6A9:\uc6a9×12,U+C6B0:\uc6b0×13,U+C6D0:\uc6d0×1,U+C704:\uc704×5,U+C720:\uc720×1,U+C728:\uc728×1,U+C73C:\uc73c×5,U+C740:\uc740×19,U+C744:\uc744×14,U+C74C:\uc74c×5,U+C758:\uc758×53,U+C774:\uc774×47,U+C778:\uc778×15,U+C77C:\uc77c×7,U+C784:\uc784×1,U+C785:\uc785×1,U+C788:\uc788×16,U+C790:\uc790×6,U+C791:\uc791×1,U+C7A5:\uc7a5×14,U+C7AC:\uc7ac×8,U+C800:\uc800×2,U+C801:\uc801×14,U+C804:\uc804×17,U+C808:\uc808×4,U+C810:\uc810×4,U+C811:\uc811×9,U+C815:\uc815×4,U+C81C:\uc81c×19,U+C870:\uc870×8,U+C871:\uc871×1,U+C874:\uc874×1,U+C885:\uc885×1,U+C88B:\uc88b×1,U+C8FC:\uc8fc×3,U+C988:\uc988×3,U+C989:\uc989×3,U+C9C0:\uc9c0×12,U+C9C4:\uc9c4×5,U+C9C8:\uc9c8×3,U+C9D1:\uc9d1×2,U+C9D5:\uc9d5×2,U+CC28:\ucc28×6,U+CC38:\ucc38×2,U+CCB4:\uccb4×7,U+CD08:\ucd08×1,U+CD09:\ucd09×2,U+CD5C:\ucd5c×7,U+CD94:\ucd94×1,U+CDA9:\ucda9×1,U+CDE8:\ucde8×3,U+CE35:\uce35×1,U+CE58:\uce58×9,U+CE68:\uce68×2,U+CE78:\uce78×2,U+CEE4:\ucee4×3,U+CF54:\ucf54×3,U+D0A4:\ud0a4×1,U+D0C0:\ud0c0×1,U+D130:\ud130×5,U+D1B5:\ud1b5×4,U+D22C:\ud22c×1,U+D2B8:\ud2b8×4,U+D2B9:\ud2b9×1,U+D310:\ud310×5,U+D3EC:\ud3ec×1,U+D45C:\ud45c×11,U+D488:\ud488×9,U+D4E8:\ud4e8×3,U+D504:\ud504×2,U+D50C:\ud50c×1,U+D53C:\ud53c×1,U+D558:\ud558×12,U+D55C:\ud55c×27,U+D560:\ud560×2,U+D568:\ud568×6,U+D569:\ud569×2,U+D56D:\ud56d×4,U+D574:\ud574×16,U+D5C8:\ud5c8×1,U+D5D8:\ud5d8×1,U+D615:\ud615×3,U+D638:\ud638×3,U+D654:\ud654×2,U+D655:\ud655×1,U+D658:\ud658×1,U+D669:\ud669×1,U+D68C:\ud68c×7,U+D6C4:\ud6c4×1,U+D720:\ud720×2,U+D798:\ud798×1	-
43	0	1977		U+0028:(×26,U+0029:)×26,U+002C:,×31,U+002D:-×28,U+002E:.×65,U+0030:0×15,U+0031:1×28,U+0032:2×22,U+0033:3×19,U+0034:4×14,U+0035:5×18,U+0036:6×20,U+0037:7×3,U+0039:9×4,U+003A::×3,U+0042:B×7,U+0043:C×26,U+0044:D×4,U+0045:E×13,U+0047:G×1,U+0049:I×13,U+004B:K×10,U+004C:L×2,U+004E:N×35,U+004F:O×35,U+0050:P×8,U+0052:R×2,U+0053:S×11,U+0054:T×5,U+0056:V×5,U+0058:X×1,U+005B:[×1,U+005D:]×1,U+0061:a×14,U+0062:b×3,U+0063:c×1,U+0064:d×1,U+0067:g×2,U+0068:h×1,U+0069:i×4,U+006D:m×9,U+006E:n×1,U+006F:o×1,U+0072:r×7,U+0073:s×4,U+0074:t×1,U+0079:y×1,U+2013:\u2013×1,U+201C:\u201c×1,U+201D:\u201d×1,U+2160:\u2160×4,U+2162:\u2162×1,U+AC00:\uac00×24,U+AC04:\uac04×6,U+AC10:\uac10×4,U+AC12:\uac12×7,U+AC16:\uac16×3,U+AC19:\uac19×1,U+AC1C:\uac1c×6,U+AC70:\uac70×5,U+AC74:\uac74×4,U+AC83:\uac83×4,U+AC8C:\uac8c×1,U+ACA9:\uaca9×3,U+ACAC:\uacac×1,U+ACB0:\uacb0×6,U+ACB9:\uacb9×1,U+ACBD:\uacbd×25,U+ACC4:\uacc4×5,U+ACE0:\uace0×26,U+ACF3:\uacf3×1,U+ACF5:\uacf5×2,U+ACFC:\uacfc×3,U+AD00:\uad00×3,U+AD11:\uad11×2,U+AD6C:\uad6c×1,U+AD8C:\uad8c×1,U+ADDC:\uaddc×2,U+ADF8:\uadf8×13,U+ADF9:\uadf9×3,U+AE09:\uae09×6,U+AE30:\uae30×18,U+AE34:\uae34×1,U+AE4C:\uae4c×1,U+AEBC:\uaebc×1,U+AED8:\uaed8×1,U+B098:\ub098×4,U+B0AE:\ub0ae×1,U+B0B4:\ub0b4×3,U+B108:\ub108×2,U+B192:\ub192×2,U+B294:\ub294×40,U+B2A5:\ub2a5×8,U+B2C8:\ub2c8×3,U+B2E4:\ub2e4×43,U+B2E5:\ub2e5×1,U+B2E8:\ub2e8×11,U+B300:\ub300×15,U+B354:\ub354×2,U+B374:\ub374×1,U+B3C4:\ub3c4×7,U+B3D9:\ub3d9×4,U+B418:\ub418×13,U+B41C:\ub41c×19,U+B420:\ub420×10,U+B4DC:\ub4dc×4,U+B4E4:\ub4e4×9,U+B4F1:\ub4f1×4,U+B514:\ub514×1,U+B530:\ub530×12,U+B54C:\ub54c×1,U+B610:\ub610×13,U+B77C:\ub77c×4,U+B77D:\ub77d×9,U+B780:\ub780×1,U+B798:\ub798×6,U+B79C:\ub79c×1,U+B7EC:\ub7ec×4,U+B808:\ub808×4,U+B824:\ub824×5,U+B825:\ub825×1,U+B828:\ub828×1,U+B85C:\ub85c×18,U+B85D:\ub85d×2,U+B86F:\ub86f×2,U+B8CC:\ub8cc×5,U+B8E8:\ub8e8×1,U+B8F9:\ub8f9×1,U+B958:\ub958×3,U+B974:\ub974×7,U+B978:\ub978×6,U+B97C:\ub97c×8,U+B984:\ub984×2,U+B9AC:\ub9ac×15,U+B9B4:\ub9b4×4,U+B9BD:\ub9bd×1,U+B9CC:\ub9cc×6,U+BA5C:\uba5c×1,U+BA74:\uba74×4,U+BA85:\uba85×1,U+BA87:\uba87×2,U+BAA9:\ubaa9×1,U+BB38:\ubb38×1,U+BBF8:\ubbf8×6,U+BC0F:\ubc0f×8,U+BC14:\ubc14×1,U+BC18:\ubc18×2,U+BC1C:\ubc1c×1,U+BC29:\ubc29×3,U+BC30:\ubc30×14,U+BC95:\ubc95×1,U+BCC0:\ubcc0×9,U+BCF4:\ubcf4×6,U+BD09:\ubd09×2,U+BD80:\ubd80×20,U+BD84:\ubd84×5,U+BE0C:\ube0c×1,U+BE44:\ube44×4,U+C0AC:\uc0ac×11,U+C0C1:\uc0c1×7,U+C0DD:\uc0dd×1,U+C11C:\uc11c×18,U+C11D:\uc11d×2,U+C120:\uc120×5,U+C124:\uc124×5,U+C131:\uc131×4,U+C18C:\uc18c×10,U+C18D:\uc18d×2,U+C190:\uc190×1,U+C1C4:\uc1c4×4,U+C218:\uc218×13,U+C220:\uc220×1,U+C2A4:\uc2a4×3,U+C2B5:\uc2b5×1,U+C2DC:\uc2dc×11,U+C2E0:\uc2e0×1,U+C2E4:\uc2e4×2,U+C544:\uc544×7,U+C545:\uc545×1,U+C548:\uc548×6,U+C54A:\uc54a×3,U+C555:\uc555×8,U+C57C:\uc57c×8,U+C587:\uc587×1,U+C591:\uc591×5,U+C5B4:\uc5b4×14,U+C5B8:\uc5b8×2,U+C5C5:\uc5c5×1,U+C5C6:\uc5c6×3,U+C5D0:\uc5d0×50,U+C5EC:\uc5ec×3,U+C5ED:\uc5ed×3,U+C5F0:\uc5f0×8,U+C5F4:\uc5f4×2,U+C5FC:\uc5fc×1,U+C608:\uc608×1,U+C624:\uc624×4,U+C628:\uc628×1,U+C62C:\uc62c×1,U+C640:\uc640×1,U+C678:\uc678×2,U+C694:\uc694×1,U+C6A9:\uc6a9×11,U+C6B0:\uc6b0×13,U+C6D0:\uc6d0×1,U+C704:\uc704×6,U+C720:\uc720×3,U+C73C:\uc73c×7,U+C740:\uc740×17,U+C744:\uc744×16,U+C74C:\uc74c×5,U+C758:\uc758×50,U+C774:\uc774×31,U+C778:\uc778×13,U+C77C:\uc77c×5,U+C784:\uc784×1,U+C785:\uc785×1,U+C788:\uc788×11,U+C790:\uc790×8,U+C791:\uc791×1,U+C7A5:\uc7a5×13,U+C7AC:\uc7ac×6,U+C800:\uc800×8,U+C801:\uc801×11,U+C804:\uc804×21,U+C808:\uc808×3,U+C810:\uc810×4,U+C811:\uc811×9,U+C815:\uc815×6,U+C81C:\uc81c×20,U+C870:\uc870×7,U+C871:\uc871×1,U+C874:\uc874×1,U+C885:\uc885×1,U+C88B:\uc88b×1,U+C8FC:\uc8fc×2,U+C900:\uc900×1,U+C911:\uc911×1,U+C988:\uc988×4,U+C989:\uc989×2,U+C9C0:\uc9c0×12,U+C9C1:\uc9c1×2,U+C9C4:\uc9c4×4,U+C9C8:\uc9c8×2,U+C9D1:\uc9d1×1,U+C9D5:\uc9d5×2,U+CC28:\ucc28×2,U+CC38:\ucc38×2,U+CCB4:\uccb4×9,U+CD08:\ucd08×2,U+CD09:\ucd09×2,U+CD5C:\ucd5c×5,U+CD78:\ucd78×1,U+CD94:\ucd94×1,U+CD95:\ucd95×1,U+CDA9:\ucda9×2,U+CDE8:\ucde8×3,U+CE35:\uce35×1,U+CE58:\uce58×6,U+CE60:\uce60×1,U+CE68:\uce68×2,U+CE6D:\uce6d×1,U+CE78:\uce78×2,U+CEE4:\ucee4×2,U+CF54:\ucf54×2,U+CF58:\ucf58×1,U+D06C:\ud06c×1,U+D0A4:\ud0a4×1,U+D130:\ud130×2,U+D15C:\ud15c×1,U+D1A0:\ud1a0×1,U+D1B5:\ud1b5×4,U+D22C:\ud22c×1,U+D2B8:\ud2b8×3,U+D2B9:\ud2b9×1,U+D310:\ud310×5,U+D3EC:\ud3ec×1,U+D45C:\ud45c×11,U+D488:\ud488×12,U+D4E8:\ud4e8×3,U+D504:\ud504×2,U+D50C:\ud50c×2,U+D544:\ud544×2,U+D558:\ud558×9,U+D55C:\ud55c×32,U+D560:\ud560×1,U+D568:\ud568×4,U+D569:\ud569×1,U+D56D:\ud56d×10,U+D574:\ud574×17,U+D5C8:\ud5c8×1,U+D5D8:\ud5d8×1,U+D615:\ud615×4,U+D638:\ud638×4,U+D655:\ud655×1,U+D658:\ud658×1,U+D669:\ud669×1,U+D68C:\ud68c×7,U+D6C4:\ud6c4×1,U+D720:\ud720×2,U+D798:\ud798×1	-
44	240	511	U+0028:(×7,U+0029:)×7,U+002D:-×7,U+0030:0×5,U+0032:2×11,U+0033:3×11,U+0034:4×8,U+0036:6×10,U+0037:7×1,U+0039:9×3,U+0042:B×3,U+0043:C×12,U+0045:E×6,U+0049:I×4,U+004B:K×5,U+0050:P×4,U+0053:S×4,U+0056:V×1,U+0058:X×1,U+0061:a×3,U+0062:b×1,U+006D:m×8,U+0072:r×1,U+0073:s×2,U+2162:\u2162×1,U+AC04:\uac04×4,U+AC12:\uac12×1,U+AC16:\uac16×1,U+AC70:\uac70×1,U+AC74:\uac74×1,U+AC8C:\uac8c×1,U+ACBD:\uacbd×1,U+ACFC:\uacfc×1,U+AD6C:\uad6c×1,U+ADF8:\uadf8×7,U+ADF9:\uadf9×2,U+AED8:\uaed8×1,U+B192:\ub192×2,U+B2E8:\ub2e8×1,U+B354:\ub354×1,U+B420:\ub420×3,U+B4F1:\ub4f1×2,U+B530:\ub530×2,U+B77C:\ub77c×3,U+B77D:\ub77d×3,U+B780:\ub780×1,U+B808:\ub808×2,U+B8CC:\ub8cc×4,U+B8F9:\ub8f9×1,U+B974:\ub974×3,U+B9B4:\ub9b4×2,U+B9CC:\ub9cc×2,U+BA74:\uba74×1,U+BC14:\ubc14×1,U+BC18:\ubc18×1,U+C190:\uc190×1,U+C218:\uc218×1,U+C591:\uc591×1,U+C5F0:\uc5f0×2,U+C5FC:\uc5fc×1,U+C62C:\uc62c×1,U+C694:\uc694×1,U+C6B0:\uc6b0×5,U+C740:\uc740×5,U+C744:\uc744×1,U+C774:\uc774×3,U+C77C:\uc77c×2,U+C784:\uc784×1,U+C788:\uc788×2,U+C7AC:\uc7ac×4,U+C810:\uc810×4,U+C811:\uc811×2,U+C871:\uc871×1,U+C885:\uc885×1,U+C8FC:\uc8fc×2,U+C988:\uc988×3,U+C9C4:\uc9c4×1,U+C9C8:\uc9c8×2,U+CC38:\ucc38×1,U+CD08:\ucd08×1,U+CDA9:\ucda9×1,U+CDE8:\ucde8×1,U+CF54:\ucf54×1,U+D0A4:\ud0a4×1,U+D4E8:\ud4e8×3,U+D798:\ud798×1	U+002C:,×9,U+002E:.×7,U+0031:1×4,U+0035:5×5,U+003A::×3,U+0044:D×2,U+004E:N×13,U+004F:O×14,U+0052:R×2,U+0054:T×2,U+005B:[×1,U+005D:]×1,U+0064:d×1,U+0067:g×2,U+0069:i×2,U+006E:n×1,U+2013:\u2013×1,U+201C:\u201c×1,U+201D:\u201d×1,U+2160:\u2160×4,U+AC00:\uac00×1,U+AC10:\uac10×1,U+AC1C:\uac1c×2,U+AC83:\uac83×1,U+ACA9:\uaca9×1,U+ACB0:\uacb0×6,U+ACC4:\uacc4×3,U+ACE0:\uace0×12,U+ACF5:\uacf5×1,U+AD00:\uad00×3,U+AD8C:\uad8c×1,U+AE30:\uae30×9,U+AE34:\uae34×1,U+AEBC:\uaebc×1,U+B098:\ub098×4,U+B0B4:\ub0b4×3,U+B294:\ub294×5,U+B2A5:\ub2a5×1,U+B2C8:\ub2c8×2,U+B2E4:\ub2e4×3,U+B2E5:\ub2e5×1,U+B300:\ub300×2,U+B374:\ub374×1,U+B3C4:\ub3c4×2,U+B3D9:\ub3d9×1,U+B418:\ub418×7,U+B41C:\ub41c×12,U+B4DC:\ub4dc×2,U+B4E4:\ub4e4×4,U+B54C:\ub54c×1,U+B610:\ub610×2,U+B798:\ub798×2,U+B7EC:\ub7ec×2,U+B824:\ub824×5,U+B825:\ub825×1,U+B828:\ub828×1,U+B85C:\ub85c×8,U+B86F:\ub86f×2,U+B978:\ub978×3,U+B97C:\ub97c×6,U+B984:\ub984×2,U+B9AC:\ub9ac×6,U+BA5C:\uba5c×1,U+BA85:\uba85×1,U+BA87:\uba87×2,U+BAA9:\ubaa9×1,U+BB38:\ubb38×1,U+BC0F:\ubc0f×4,U+BC1C:\ubc1c×1,U+BCC0:\ubcc0×2,U+BCF4:\ubcf4×2,U+BD09:\ubd09×2,U+BD80:\ubd80×10,U+BD84:\ubd84×3,U+BE0C:\ube0c×1,U+BE44:\ube44×4,U+C0AC:\uc0ac×3,U+C0C1:\uc0c1×5,U+C0DD:\uc0dd×1,U+C11C:\uc11c×9,U+C11D:\uc11d×2,U+C120:\uc120×2,U+C124:\uc124×4,U+C131:\uc131×1,U+C18D:\uc18d×2,U+C2A4:\uc2a4×1,U+C2B5:\uc2b5×1,U+C2DC:\uc2dc×7,U+C2E0:\uc2e0×1,U+C2E4:\uc2e4×2,U+C544:\uc544×3,U+C545:\uc545×1,U+C548:\uc548×6,U+C555:\uc555×1,U+C57C:\uc57c×6,U+C5B4:\uc5b4×3,U+C5B8:\uc5b8×2,U+C5C5:\uc5c5×1,U+C5C6:\uc5c6×1,U+C5D0:\uc5d0×16,U+C5EC:\uc5ec×3,U+C5ED:\uc5ed×1,U+C5F4:\uc5f4×1,U+C608:\uc608×1,U+C628:\uc628×1,U+C640:\uc640×1,U+C678:\uc678×2,U+C6A9:\uc6a9×2,U+C6D0:\uc6d0×1,U+C704:\uc704×3,U+C720:\uc720×1,U+C73C:\uc73c×3,U+C758:\uc758×5,U+C778:\uc778×9,U+C785:\uc785×1,U+C790:\uc790×5,U+C7A5:\uc7a5×13,U+C800:\uc800×8,U+C801:\uc801×5,U+C804:\uc804×12,U+C815:\uc815×1,U+C81C:\uc81c×6,U+C874:\uc874×1,U+C88B:\uc88b×1,U+C900:\uc900×1,U+C9C0:\uc9c0×1,U+C9C1:\uc9c1×1,U+C9D1:\uc9d1×1,U+C9D5:\uc9d5×2,U+CC28:\ucc28×2,U+CCB4:\uccb4×5,U+CD09:\ucd09×2,U+CD94:\ucd94×1,U+CD95:\ucd95×1,U+CE58:\uce58×5,U+CE60:\uce60×1,U+CE68:\uce68×1,U+CE78:\uce78×2,U+CF58:\ucf58×1,U+D130:\ud130×1,U+D1B5:\ud1b5×4,U+D2B8:\ud2b8×2,U+D2B9:\ud2b9×1,U+D310:\ud310×2,U+D45C:\ud45c×4,U+D488:\ud488×3,U+D504:\ud504×2,U+D544:\ud544×2,U+D558:\ud558×6,U+D55C:\ud55c×10,U+D560:\ud560×1,U+D568:\ud568×2,U+D569:\ud569×1,U+D56D:\ud56d×10,U+D574:\ud574×6,U+D5D8:\ud5d8×1,U+D615:\ud615×4,U+D638:\ud638×1,U+D655:\ud655×1,U+D669:\ud669×1,U+D68C:\ud68c×3,U+D6C4:\ud6c4×1,U+D720:\ud720×2	-
45	0	2272		U+0022:"×1,U+0028:(×31,U+0029:)×31,U+002C:,×33,U+002D:-×32,U+002E:.×72,U+0030:0×42,U+0031:1×36,U+0032:2×31,U+0033:3×24,U+0034:4×17,U+0035:5×24,U+0036:6×26,U+0037:7×5,U+0038:8×2,U+0039:9×3,U+003A::×3,U+0042:B×5,U+0043:C×24,U+0044:D×4,U+0045:E×14,U+0047:G×1,U+0049:I×14,U+004B:K×10,U+004C:L×2,U+004E:N×49,U+004F:O×48,U+0050:P×7,U+0052:R×2,U+0053:S×11,U+0054:T×5,U+0056:V×6,U+0058:X×2,U+005B:[×1,U+005D:]×1,U+0061:a×17,U+0062:b×6,U+0063:c×1,U+0064:d×2,U+0067:g×2,U+0068:h×1,U+0069:i×4,U+006D:m×12,U+006E:n×2,U+006F:o×2,U+0072:r×9,U+0073:s×5,U+0074:t×1,U+0079:y×1,U+2013:\u2013×1,U+201C:\u201c×3,U+201D:\u201d×4,U+2160:\u2160×4,U+2162:\u2162×3,U+AC00:\uac00×23,U+AC04:\uac04×8,U+AC10:\uac10×4,U+AC12:\uac12×11,U+AC16:\uac16×3,U+AC1C:\uac1c×6,U+AC70:\uac70×5,U+AC74:\uac74×6,U+AC83:\uac83×5,U+AC8C:\uac8c×3,U+ACA9:\uaca9×3,U+ACAC:\uacac×2,U+ACB0:\uacb0×7,U+ACBD:\uacbd×26,U+ACC4:\uacc4×5,U+ACE0:\uace0×27,U+ACF3:\uacf3×1,U+ACF5:\uacf5×1,U+ACFC:\uacfc×5,U+AD00:\uad00×3,U+AD11:\uad11×2,U+AD6C:\uad6c×2,U+AD8C:\uad8c×4,U+ADDC:\uaddc×2,U+ADF8:\uadf8×14,U+ADF9:\uadf9×3,U+AE09:\uae09×8,U+AE30:\uae30×19,U+AE34:\uae34×1,U+AE4C:\uae4c×2,U+AEBC:\uaebc×1,U+AED8:\uaed8×2,U+B098:\ub098×5,U+B0AE:\ub0ae×1,U+B0B4:\ub0b4×3,U+B108:\ub108×2,U+B110:\ub110×1,U+B124:\ub124×1,U+B125:\ub125×3,U+B192:\ub192×2,U+B294:\ub294×48,U+B2A5:\ub2a5×9,U+B2C8:\ub2c8×2,U+B2CC:\ub2cc×1,U+B2E4:\ub2e4×45,U+B2E5:\ub2e5×1,U+B2E8:\ub2e8×13,U+B300:\ub300×18,U+B354:\ub354×2,U+B374:\ub374×1,U+B3C4:\ub3c4×7,U+B3D9:\ub3d9×5,U+B418:\ub418×13,U+B41C:\ub41c×18,U+B420:\ub420×10,U+B4DC:\ub4dc×5,U+B4E4:\ub4e4×10,U+B4F1:\ub4f1×7,U+B514:\ub514×1,U+B530:\ub530×13,U+B54C:\ub54c×1,U+B610:\ub610×15,U+B77C:\ub77c×3,U+B77D:\ub77d×11,U+B780:\ub780×2,U+B798:\ub798×4,U+B79C:\ub79c×1,U+B7EC:\ub7ec×5,U+B808:\ub808×4,U+B824:\ub824×5,U+B825:\ub825×1,U+B828:\ub828×1,U+B85C:\ub85c×18,U+B85D:\ub85d×2,U+B860:\ub860×1,U+B86F:\ub86f×2,U+B8CC:\ub8cc×6,U+B8F9:\ub8f9×2,U+B958:\ub958×3,U+B974:\ub974×8,U+B978:\ub978×5,U+B97C:\ub97c×8,U+B984:\ub984×2,U+B9AC:\ub9ac×15,U+B9B4:\ub9b4×4,U+B9CC:\ub9cc×7,U+BA5C:\uba5c×1,U+BA74:\uba74×5,U+BA85:\uba85×1,U+BA87:\uba87×2,U+BAA9:\ubaa9×1,U+BB38:\ubb38×1,U+BBF8:\ubbf8×7,U+BC0F:\ubc0f×7,U+BC14:\ubc14×1,U+BC18:\ubc18×2,U+BC1C:\ubc1c×2,U+BC29:\ubc29×2,U+BC30:\ubc30×14,U+BC94:\ubc94×1,U+BCC0:\ubcc0×13,U+BCF4:\ubcf4×7,U+BD09:\ubd09×2,U+BD80:\ubd80×16,U+BD84:\ubd84×7,U+BE0C:\ube0c×2,U+BE44:\ube44×5,U+C0AC:\uc0ac×13,U+C0B4:\uc0b4×1,U+C0C1:\uc0c1×8,U+C0DD:\uc0dd×1,U+C11C:\uc11c×17,U+C11D:\uc11d×2,U+C120:\uc120×10,U+C124:\uc124×5,U+C131:\uc131×6,U+C18C:\uc18c×10,U+C18D:\uc18d×2,U+C190:\uc190×1,U+C1C4:\uc1c4×5,U+C218:\uc218×14,U+C2A4:\uc2a4×3,U+C2B5:\uc2b5×1,U+C2DC:\uc2dc×11,U+C2E0:\uc2e0×1,U+C2E4:\uc2e4×2,U+C544:\uc544×6,U+C545:\uc545×1,U+C548:\uc548×6,U+C54A:\uc54a×3,U+C555:\uc555×12,U+C57C:\uc57c×9,U+C591:\uc591×5,U+C5B4:\uc5b4×14,U+C5B8:\uc5b8×2,U+C5C5:\uc5c5×1,U+C5C6:\uc5c6×3,U+C5D0:\uc5d0×55,U+C5EC:\uc5ec×3,U+C5ED:\uc5ed×3,U+C5F0:\uc5f0×8,U+C5F4:\uc5f4×1,U+C5FC:\uc5fc×2,U+C608:\uc608×1,U+C624:\uc624×5,U+C628:\uc628×2,U+C62C:\uc62c×1,U+C640:\uc640×1,U+C678:\uc678×2,U+C694:\uc694×1,U+C6A9:\uc6a9×12,U+C6B0:\uc6b0×14,U+C6D0:\uc6d0×1,U+C704:\uc704×6,U+C720:\uc720×3,U+C728:\uc728×1,U+C73C:\uc73c×6,U+C740:\uc740×17,U+C744:\uc744×16,U+C74C:\uc74c×6,U+C758:\uc758×58,U+C774:\uc774×45,U+C778:\uc778×17,U+C77C:\uc77c×8,U+C784:\uc784×1,U+C785:\uc785×1,U+C788:\uc788×13,U+C790:\uc790×6,U+C791:\uc791×2,U+C7A5:\uc7a5×14,U+C7AC:\uc7ac×6,U+C800:\uc800×8,U+C801:\uc801×15,U+C804:\uc804×25,U+C808:\uc808×3,U+C810:\uc810×4,U+C811:\uc811×10,U+C815:\uc815×6,U+C81C:\uc81c×19,U+C870:\uc870×7,U+C871:\uc871×1,U+C874:\uc874×1,U+C885:\uc885×1,U+C88B:\uc88b×1,U+C8FC:\uc8fc×3,U+C900:\uc900×1,U+C911:\uc911×1,U+C988:\uc988×4,U+C989:\uc989×3,U+C9C0:\uc9c0×13,U+C9C1:\uc9c1×2,U+C9C4:\uc9c4×4,U+C9C8:\uc9c8×3,U+C9D1:\uc9d1×2,U+C9D5:\uc9d5×2,U+CC28:\ucc28×6,U+CC38:\ucc38×1,U+CCB4:\uccb4×7,U+CD08:\ucd08×2,U+CD09:\ucd09×2,U+CD5C:\ucd5c×6,U+CD78:\ucd78×1,U+CD94:\ucd94×1,U+CD95:\ucd95×1,U+CDA9:\ucda9×2,U+CDE8:\ucde8×1,U+CE58:\uce58×10,U+CE60:\uce60×1,U+CE68:\uce68×1,U+CE6D:\uce6d×1,U+CE78:\uce78×2,U+CEE4:\ucee4×5,U+CF54:\ucf54×4,U+CF58:\ucf58×1,U+D06C:\ud06c×1,U+D0A4:\ud0a4×1,U+D0C0:\ud0c0×1,U+D130:\ud130×6,U+D15C:\ud15c×1,U+D1A0:\ud1a0×1,U+D1B5:\ud1b5×4,U+D2B8:\ud2b8×5,U+D2B9:\ud2b9×1,U+D310:\ud310×4,U+D3EC:\ud3ec×2,U+D45C:\ud45c×13,U+D488:\ud488×8,U+D4E8:\ud4e8×3,U+D504:\ud504×2,U+D50C:\ud50c×3,U+D53C:\ud53c×1,U+D544:\ud544×2,U+D558:\ud558×13,U+D55C:\ud55c×34,U+D560:\ud560×2,U+D568:\ud568×6,U+D569:\ud569×2,U+D56D:\ud56d×10,U+D574:\ud574×17,U+D5D8:\ud5d8×1,U+D615:\ud615×4,U+D638:\ud638×5,U+D654:\ud654×2,U+D655:\ud655×1,U+D669:\ud669×1,U+D68C:\ud68c×9,U+D6C4:\ud6c4×1,U+D720:\ud720×2,U+D798:\ud798×1	-
46	0	0			-
47	7	1	U+0029:)×1,U+119E:\u119e×1,U+B098:\ub098×1,U+B85C:\ub85c×1,U+C548:\uc548×1,U+C804:\uc804×1,U+D68C:\ud68c×1	U+318D:\u318d×1	-
48	0	6		U+0029:)×1,U+B098:\ub098×1,U+B85C:\ub85c×1,U+C548:\uc548×1,U+C804:\uc804×1,U+D68C:\ud68c×1	-
