page	tolerant_content_match_percent	below_90
1	99.72247	0
2	94.76004	0
3	99.78129	0
4	99.77383	0
5	99.92548	0
6	99.94940	0
7	99.99333	0
8	99.98728	0
9	99.78208	0
10	67.90467	1
11	99.57078	0
12	99.93582	0
13	94.74825	0
14	98.29112	0
15	95.35901	0
16	99.29057	0
17	99.75662	0
18	99.62112	0
19	97.01694	0
20	94.83312	0
21	96.45270	0
22	90.35382	0
23	99.62523	0
24	92.98011	0
25	99.77691	0
26	99.98609	0
27	99.28832	0
28	98.43605	0
29	99.73202	0
30	96.42386	0
31	98.67113	0
32	94.59094	0
33	98.86099	0
34	98.46809	0
35	97.72737	0
36	95.03538	0
37	95.09169	0
38	99.88065	0
39	98.83952	0
40	98.56207	0
41	98.95288	0
42	99.25789	0
43	95.31913	0
44	99.65981	0
45	98.98171	0
46	98.72712	0
47	99.96049	0
48	98.47757	0
49	99.02020	0
50	99.42821	0
51	99.95262	0
52	99.16638	0
53	98.56898	0
54	94.64352	0
55	98.20846	0
56	95.28533	0
57	96.25523	0
58	96.64456	0
59	95.52377	0
60	99.58450	0
61	98.92421	0
62	99.29882	0
63	95.74043	0
64	99.13433	0
65	98.45998	0
66	98.93703	0
67	96.27384	0
68	96.58151	0
69	97.77174	0
70	97.14292	0
71	95.72852	0
72	99.89309	0
73	99.80081	0
74	97.66915	0
75	98.79649	0
76	96.93383	0
77	98.94481	0
78	98.13596	0
79	97.73807	0
80	97.08651	0
81	99.28314	0
82	99.06102	0
83	97.59451	0
84	97.06154	0
85	95.14701	0
86	97.23637	0
87	99.39131	0
88	89.58124	1
89	96.15849	0
90	94.52360	0
91	97.82239	0
92	99.65277	0
93	98.09918	0
94	98.97194	0
95	97.89862	0
96	98.80444	0
97	99.22302	0
98	97.47305	0
99	99.09716	0
100	99.05149	0
101	99.13971	0
102	99.03847	0
103	99.36932	0
104	99.89606	0
105	99.85914	0
106	99.88046	0
107	98.86043	0
108	99.79764	0
109	99.82616	0
110	99.89535	0
111	99.95529	0
112	99.98982	0
113	99.98283	0
114	99.39998	0
115	99.60947	0
116	98.74997	0
117	98.37097	0
118	99.97802	0
119	99.87332	0
120	99.87070	0
121	99.30566	0
122	99.85399	0
123	96.80493	0
124	96.90963	0
125	97.16239	0
126	95.08550	0
127	97.58795	0
128	99.42759	0
129	95.27622	0
130	90.60646	0
131	94.77080	0
132	99.77961	0
133	97.08737	0
134	99.99102	0
135	97.65457	0
136	99.28484	0
137	98.21815	0
138	98.54964	0
139	97.76536	0
140	99.30981	0
141	98.23950	0
142	99.90979	0
143	95.07149	0
144	94.38380	0
145	99.19761	0
146	99.92988	0
147	99.94111	0
148	97.98801	0
149	99.84374	0
150	99.94594	0
151	99.92637	0
152	99.42311	0
153	99.91225	0
154	99.80893	0
155	99.17876	0
156	94.27892	0
157	99.94066	0
158	99.93759	0
159	99.97646	0
160	99.98545	0
161	93.59359	0
162	99.97559	0
163	90.52821	0
164	96.73350	0
165	99.82693	0
166	99.93121	0
167	99.96154	0
168	99.94271	0
169	99.91753	0
170	99.95118	0
171	98.92630	0
172	97.92834	0
173	98.55841	0
174	99.84738	0
175	95.42410	0
176	97.28573	0
177	99.19044	0
178	95.61006	0
179	98.08919	0
180	99.97686	0
181	99.93614	0
182	99.88795	0
183	99.89563	0
184	99.98018	0
185	99.94904	0
186	99.88433	0
187	99.93188	0
188	99.90815	0
189	99.10512	0
190	97.66975	0
191	99.69562	0
192	99.48000	0
193	99.44273	0
194	99.97350	0
195	99.88294	0
196	99.61235	0
197	99.40579	0
198	98.97797	0
199	97.36126	0
200	99.70533	0
201	98.10375	0
202	96.47938	0
203	99.61695	0
204	95.35760	0
205	94.27790	0
206	92.34550	0
207	89.61032	1
208	85.36044	1
209	96.28075	0
210	99.85050	0
211	99.41819	0
212	99.31286	0
213	99.67512	0
214	99.90186	0
215	96.77735	0
