rhwp_page	same_page_6gram_dice	best_nearby_pdf_page	best_6gram_dice	offset
1	95.185	1	95.185	0
2	99.614	2	99.614	0
3	98.565	3	98.565	0
4	97.638	4	97.638	0
5	0.0	4	3.483	-1
6	2.41	5	97.735	-1
7	3.378	6	96.667	-1
8	1.967	7	98.544	-1
9	0.0	8	96.97	-1
10	0.0	9	92.035	-1
11	0.0	10	91.111	-1
12	0.0	11	95.122	-1
13	21.14	12	95.84	-1
14	0.0	13	96.154	-1
15	6.951	14	98.444	-1
16	5.477	15	98.936	-1
17	5.745	16	99.557	-1
18	0.27	17	98.964	-1
19	4.727	18	96.691	-1
20	1.024	19	91.429	-1
21	0.452	20	92.222	-1
22	4.343	21	99.337	-1
23	3.861	22	94.853	-1
24	1.734	23	98.374	-1
25	0.0	24	96.0	-1
26	0.943	25	92.216	-1
27	0.0	26	91.111	-1
28	0.0	27	95.122	-1
29	11.825	28	97.718	-1
30	0.599	29	96.945	-1
31	11.934	30	99.179	-1
32	1.099	31	99.175	-1
33	1.066	32	99.493	-1
34	0.0	33	98.813	-1
35	18.203	34	98.616	-1
36	5.473	35	98.401	-1
37	2.74	36	94.422	-1
38	2.128	37	97.802	-1
39	0.0	38	96.0	-1
40	1.081	39	90.714	-1
41	0.0	40	91.111	-1
42	0.0	41	95.122	-1
43	34.442	42	96.172	-1
44	0.0	43	98.14	-1
45	2.663	44	98.529	-1
46	1.019	45	99.01	-1
47	0.0	46	99.483	-1
48	0.0	47	98.361	-1
49	5.355	48	98.507	-1
50	1.548	49	97.631	-1
51	0.0	50	92.727	-1
52	0.0	51	97.74	-1
53	0.0	52	95.833	-1
54	1.235	53	88.889	-1
55	0.0	54	91.111	-1
56	0.0	55	95.122	-1
57	1.151	56	98.769	-1
58	7.101	57	98.919	-1
59	1.1	58	98.693	-1
60	0.0	59	97.798	-1
61	0.0	60	89.177	-1
62	3.555	61	98.68	-1
63	0.979	62	97.412	-1
64	35.556	63	94.444	-1
65	0.0	64	97.98	-1
66	0.0	65	95.833	-1
67	1.156	66	89.844	-1
68	0.0	67	91.111	-1
69	0.0	68	95.122	-1
70	1.546	69	96.552	-1
71	3.034	70	98.919	-1
72	0.505	71	99.05	-1
73	0.211	72	99.479	-1
74	0.0	73	97.802	-1
75	10.933	74	96.921	-1
76	0.0	75	91.489	-1
77	5.642	75	14.184	-2
78	6.333	77	97.226	-1
79	7.774	78	89.015	-1
80	1.439	79	98.738	-1
81	0.0	80	96.0	-1
82	1.163	81	89.764	-1
83	0.0	82	91.111	-1
84	0.0	83	95.122	-1
85	2.018	84	99.383	-1
86	9.34	85	98.361	-1
87	7.083	86	98.939	-1
88	3.453	87	99.506	-1
89	0.0	88	99.312	-1
90	0.0	90	0.0	0
91	8.174	90	97.546	-1
92	3.851	91	95.936	-1
93	11.045	92	90.545	-1
94	0.0	93	98.238	-1
95	0.0	94	96.0	-1
96	1.07	95	90.845	-1
97	1.527	96	91.111	-1
98	0.0	97	95.349	-1
99	0.347	98	95.636	-1
100	0.0	99	83.019	-1
101	11.646	100	98.641	-1
102	0.742	101	96.5	-1
103	95.134	103	95.134	0
104	98.911	104	98.911	0
105	99.383	105	99.383	0
106	98.084	106	98.084	0
107	98.408	107	98.408	0
108	97.312	108	97.312	0
109	98.363	109	98.363	0
110	94.024	110	94.024	0
111	98.168	111	98.168	0
112	95.05	112	95.05	0
113	88.889	113	88.889	0
114	89.13	114	89.13	0
115	93.976	115	93.976	0
116	99.329	116	99.329	0
117	99.069	117	99.069	0
118	98.214	118	98.214	0
119	98.818	119	98.818	0
120	99.468	120	99.468	0
121	99.286	121	99.286	0
122	94.792	122	94.792	0
123	96.325	123	96.325	0
124	94.311	124	94.311	0
125	99.076	125	99.076	0
126	93.146	126	93.146	0
127	98.0	127	98.0	0
128	95.05	128	95.05	0
129	89.928	129	89.928	0
130	89.13	130	89.13	0
131	93.976	131	93.976	0
132	98.344	132	98.344	0
133	95.474	133	95.474	0
134	98.442	134	98.442	0
135	96.894	135	96.894	0
136	95.96	136	95.96	0
137	96.909	137	96.909	0
138	82.791	138	82.791	0
139	99.374	139	99.374	0
140	98.901	140	98.901	0
141	97.015	141	97.015	0
142	95.278	142	95.278	0
143	99.109	143	99.109	0
144	91.72	144	91.72	0
145	97.778	145	97.778	0
146	95.05	146	95.05	0
147	89.062	147	89.062	0
148	89.13	148	89.13	0
149	93.976	149	93.976	0
150	99.438	150	99.438	0
151	94.7	151	94.7	0
152	100	152	100	0
153	98.175	153	98.175	0
154	95.935	154	95.935	0
155	93.976	155	93.976	0
156	98.901	156	98.901	0
