page	tolerant_content_match_percent	below_90	silhouette_raw_match_percent	silhouette_boundary_reconciled_pixels
1	99.92943	0	99.92943	0
2	97.05348	0	97.05348	0
3	91.50778	0	91.50778	0
4	96.61604	0	96.61604	0
5	86.72073	1	86.72073	0
6	99.78070	0	99.78070	0
7	98.02470	0	98.02470	0
8	97.72341	0	97.72341	0
9	96.22147	0	96.20882	10
10	92.14987	0	92.14987	0
11	44.23267	1	44.23267	0
12	98.15199	0	98.15199	0
13	38.15104	1	38.15104	0
14	0.21803	1	0.21803	0
15	20.31274	1	20.31274	0
16	19.93993	1	19.93993	0
17	12.74003	1	12.74003	0
18	6.12559	1	6.12559	0
19	19.28469	1	19.28469	0
20	8.82895	1	8.82895	0
21	15.83130	1	15.71184	95
22	29.62547	1	29.59714	28
23	9.44907	1	9.44907	0
24	12.51018	1	12.51018	0
25	12.49227	1	12.49227	0
26	19.89199	1	19.89199	0
27	0.22466	1	0.22466	0
28	25.08174	1	25.08174	0
29	13.34391	1	13.34391	0
30	39.52778	1	39.52778	0
31	15.63406	1	15.63406	0
32	20.09991	1	20.09991	0
33	23.77224	1	23.66949	108
34	25.67246	1	25.67246	0
35	8.30536	1	8.24125	38
36	21.59044	1	21.59044	0
37	6.67606	1	6.67606	0
38	20.78603	1	20.78603	0
39	20.55128	1	20.55128	0
40	22.84549	1	22.84549	0
41	10.86521	1	10.86521	0
42	28.03458	1	28.03458	0
43	12.40875	1	12.40875	0
44	23.57326	1	23.47312	88
45	5.33365	1	5.33365	0
46	18.27949	1	18.17859	71
47	8.58755	1	8.58755	0
48	""	""	""	""
49	""	""	""	""
